index,vs_ID,Sociolog_ID,vs,Sociolog
1,38,125,Analýza,Sedláček Oto
2,322,21,Demografie,Fajfr František
3,322,76,Demografie,Kučera Milan
4,322,97,Demografie,Možný Ivo
5,322,106,Demografie,Pavlík Zdeněk
6,322,135,Demografie,Srb Vladimír
7,322,166,Demografie,Večerník Jiří
8,1562,20,Parlament,Dušek Jan
9,1562,85,Parlament,Machotka Otakar
10,1562,94,Parlament,Mertl Jan
11,1562,134,Parlament,Sorokin Pitirim Alexandrovič
12,1562,167,Parlament,Verunáč Václav
13,2555,28,Teorie vědy,Frič Pavol
15,2128,1,Sociologie česká v l. 1948–1994,Adamec Čeněk
17,2229,1,Sociologie tělesné kultury,Adamec Čeněk
19,2791,1,Výzkum veřejného mínění,Adamec Čeněk
21,413,2,Dospělost,Alan Josef
23,987,2,Každodennost,Alan Josef
25,1321,2,Mládí,Alan Josef
27,1535,2,Otázka ženská,Alan Josef
29,1644,2,Politika rodinná,Alan Josef
31,2121,2,Sociologie biografická,Alan Josef
33,2128,2,Sociologie česká v l. 1948–1994,Alan Josef
35,2152,2,Sociologie interpretativní,Alan Josef
37,2175,2,Sociologie marxisticko-leninská,Alan Josef
39,2211,2,Sociologie rodiny,Alan Josef
41,2219,2,Sociologie slovenská,Alan Josef
43,2248,2,Sociologie vědy,Alan Josef
45,2251,2,Sociologie výchovy,Alan Josef
47,2403,2,Stupnice kvalifikační,Alan Josef
49,2758,2,Výchova,Alan Josef
51,2234,3,Sociologie v Austrálii,Árnason Johann Pál
53,30,5,Alkoholismus,Beneš Edvard
55,629,5,Filozofie praxe,Beneš Edvard
57,739,5,Hnutí abstinentské,Beneš Edvard
59,1161,5,Laboretismus,Beneš Edvard
61,2226,5,Sociologie stranictví,Beneš Edvard
63,2261,5,Sokol,Beneš Edvard
65,2836,5,Zednářství,Beneš Edvard
67,18,6,Agregát sociální,Bláha Inocenc Arnošt
69,378,6,Diferenciace sociologie,Bláha Inocenc Arnošt
71,442,6,Dynamika sociální,Bláha Inocenc Arnošt
73,531,6,Etika,Bláha Inocenc Arnošt
75,560,6,Etokracie,Bláha Inocenc Arnošt
77,897,6,Inteligence,Bláha Inocenc Arnošt
79,900,6,Interakce sociální,Bláha Inocenc Arnošt
81,980,6,Kategorie sociální,Bláha Inocenc Arnošt
83,1182,6,Lid,Bláha Inocenc Arnošt
85,1364,6,Náboženství,Bláha Inocenc Arnošt
87,1870,6,Půda,Bláha Inocenc Arnošt
89,1955,6,Rolnictvo,Bláha Inocenc Arnošt
91,2016,6,Sedlák,Bláha Inocenc Arnošt
93,2127,6,Sociologie česká do r. 1948,Bláha Inocenc Arnošt
95,2130,6,Sociologie deviantního chování,Bláha Inocenc Arnošt
97,2179,6,Sociologie města,Bláha Inocenc Arnošt
99,2183,6,Sociologie módy,Bláha Inocenc Arnošt
101,2199,6,Sociologie povolání,Bláha Inocenc Arnošt
103,2211,6,Sociologie rodiny,Bláha Inocenc Arnošt
105,2219,6,Sociologie slovenská,Bláha Inocenc Arnošt
107,2222,6,Sociologie sportu,Bláha Inocenc Arnošt
109,2243,6,Sociologie války,Bláha Inocenc Arnošt
111,2244,6,Sociologie venkova,Bláha Inocenc Arnošt
113,2245,6,Sociologie veřejného mínění,Bláha Inocenc Arnošt
115,2248,6,Sociologie vědy,Bláha Inocenc Arnošt
117,2249,6,Sociologie vojenství,Bláha Inocenc Arnošt
119,2250,6,Sociologie volného času,Bláha Inocenc Arnošt
121,2251,6,Sociologie výchovy,Bláha Inocenc Arnošt
123,2253,6,Sociologie vzdělání,Bláha Inocenc Arnošt
125,2354,6,Statika sociální,Bláha Inocenc Arnošt
127,2402,6,Studie komunitní,Bláha Inocenc Arnošt
129,2643,6,Umělec,Bláha Inocenc Arnošt
131,2714,6,Vesnice,Bláha Inocenc Arnošt
133,322,8,Demografie,Boháč Antonín
135,1665,8,Populacionistika,Boháč Antonín
137,1832,8,Příslušnost etnická,Boháč Antonín
139,2179,8,Sociologie města,Boháč Antonín
141,2540,8,Teorie populační,Boháč Antonín
143,2774,8,Výzkum demografický,Boháč Antonín
145,616,9,Feminismus český,Bolzano Bernard
147,632,9,Filozofie vědy,Bolzano Bernard
149,984,9,Katolicismus sociální,Bolzano Bernard
151,2251,9,Sociologie výchovy,Bolzano Bernard
153,2197,10,Sociologie politiky,Brokl Lubomír
155,2127,11,Sociologie česká do r. 1948,Butter Oskar
157,444,13,Dystopie,Čapek Karel
159,1266,13,Metoda autobiografická,Čapek Karel
161,1728,13,Pražský lingvistický kroužek,Čapek Karel
163,1947,13,Robotizace,Čapek Karel
165,2244,15,Sociologie venkova,Čep Tomáš
167,2249,16,Sociologie vojenství,Dědek František
169,2128,17,Sociologie česká v l. 1948–1994,Disman Miroslav
171,2128,18,Sociologie česká v l. 1948–1994,Dubská Irena
173,2248,18,Sociologie vědy,Dubská Irena
175,2869,18,Ženy v sociologii,Dubská Irena
177,733,19,Historiografie,Durdík Josef
179,2127,20,Sociologie česká do r. 1948,Dušek Jan
182,2128,22,Sociologie česká v l. 1948–1994,Filipcová Blanka
184,2250,22,Sociologie volného času,Filipcová Blanka
186,2869,22,Ženy v sociologii,Filipcová Blanka
188,2128,23,Sociologie česká v l. 1948–1994,Filipec Jindřich
190,560,24,Etokracie,Fischer Josef Ludvík
192,1085,24,Konsensus,Fischer Josef Ludvík
194,1633,24,Politika,Fischer Josef Ludvík
196,2127,24,Sociologie česká do r. 1948,Fischer Josef Ludvík
198,2128,24,Sociologie česká v l. 1948–1994,Fischer Josef Ludvík
200,2861,24,Zrání sociální,Fischer Josef Ludvík
202,2128,25,Sociologie česká v l. 1948–1994,Foret Miroslav
204,2638,25,Ukazatel sociální,Foret Miroslav
206,30,27,Alkoholismus,Foustka Břetislav
208,739,27,Hnutí abstinentské,Foustka Břetislav
210,2127,27,Sociologie česká do r. 1948,Foustka Břetislav
212,2179,27,Sociologie města,Foustka Břetislav
214,2354,27,Statika sociální,Foustka Břetislav
216,1767,28,Prognóza explorativní,Frič Pavol
218,2176,30,Sociologie masové kultury,Gabal Ivan
220,2722,30,Vkus,Gabal Ivan
222,2128,31,Sociologie česká v l. 1948–1994,Gaďourek Ivan
224,2188,31,Sociologie nizozemská,Gaďourek Ivan
226,541,32,Etika vědy,Gál Fedor
228,1767,32,Prognóza explorativní,Gál Fedor
230,2219,32,Sociologie slovenská,Gál Fedor
232,2127,33,Sociologie česká do r. 1948,Galla Karel
234,2130,33,Sociologie deviantního chování,Galla Karel
236,2244,33,Sociologie venkova,Galla Karel
238,2253,33,Sociologie vzdělání,Galla Karel
240,2402,33,Studie komunitní,Galla Karel
242,2849,33,Změna sociální,Galla Karel
244,2128,34,Sociologie česká v l. 1948–1994,Geist Bohumil
246,2122,35,Sociologie britská,Gellner Ernest (Arnošt)
248,2253,36,Sociologie vzdělání,Hájek František
250,2244,37,Sociologie venkova,Hájek Mojmír
252,322,38,Demografie,Hampl Martin
254,725,38,Hierarchie reality,Hampl Martin
256,2654,38,Urbanizace,Hampl Martin
258,2128,40,Sociologie česká v l. 1948–1994,Havelka Miloš
260,1329,41,Model,Hirner Alexander
262,2219,41,Sociologie slovenská,Hirner Alexander
264,2407,45,Styl životní,Huláková Marie
266,270,46,Činnost,Chalupný Emanuel
268,412,46,Dopolavoro,Chalupný Emanuel
270,442,46,Dynamika sociální,Chalupný Emanuel
272,803,46,Charakter národní,Chalupný Emanuel
274,1368,46,Náboženství pozitivistické,Chalupný Emanuel
276,1633,46,Politika,Chalupný Emanuel
278,1797,46,Prostor sociální,Chalupný Emanuel
280,1870,46,Půda,Chalupný Emanuel
282,2127,46,Sociologie česká do r. 1948,Chalupný Emanuel
284,2149,46,Sociologie husitství,Chalupný Emanuel
286,2174,46,Sociologie marxistická,Chalupný Emanuel
288,2183,46,Sociologie módy,Chalupný Emanuel
290,2219,46,Sociologie slovenská,Chalupný Emanuel
292,2222,46,Sociologie sportu,Chalupný Emanuel
294,2243,46,Sociologie války,Chalupný Emanuel
296,2244,46,Sociologie venkova,Chalupný Emanuel
298,2251,46,Sociologie výchovy,Chalupný Emanuel
300,2261,46,Sokol,Chalupný Emanuel
302,2286,46,Společnost,Chalupný Emanuel
304,2354,46,Statika sociální,Chalupný Emanuel
306,2557,46,Teorie vývoje cyklické,Chalupný Emanuel
308,2758,46,Výchova,Chalupný Emanuel
310,2869,46,Ženy v sociologii,Chalupný Emanuel
312,2128,47,Sociologie česká v l. 1948–1994,Charvát František
314,1978,48,Rurbanizace,Illner Michal
316,2128,48,Sociologie česká v l. 1948–1994,Illner Michal
318,2179,48,Sociologie města,Illner Michal
320,2638,48,Ukazatel sociální,Illner Michal
322,465,49,Ekologie sociální,Jeřábek Hynek
324,1257,49,Měření,Jeřábek Hynek
326,2128,50,Sociologie česká v l. 1948–1994,Jodl Miroslav
328,2128,51,Sociologie česká v l. 1948–1994,Jochmann Vladimír
330,1733,52,Prestiž,Jungmann Bohumil
332,2128,52,Sociologie česká v l. 1948–1994,Jungmann Bohumil
334,2178,53,Sociologie medicíny,Kabele Jiří
336,2197,53,Sociologie politiky,Kabele Jiří
338,2548,53,Teorie sociálních sítí,Kabele Jiří
340,2127,54,Sociologie česká do r. 1948,Kadlec Vladimír
342,2128,55,Sociologie česká v l. 1948–1994,Kadlecová Erika
344,2185,55,Sociologie náboženství,Kadlecová Erika
346,1526,56,Otázka česká,Kaizl Josef
348,2128,57,Sociologie česká v l. 1948–1994,Kaláb Miloš
350,1733,60,Prestiž,Kapr Jaroslav
352,2178,60,Sociologie medicíny,Kapr Jaroslav
354,2248,60,Sociologie vědy,Kapr Jaroslav
356,323,61,Demografie historická,Kárníková Ludmila
358,655,62,Funkce latentní,Keller Jan
360,768,62,Homo sociologicus,Keller Jan
362,1132,62,Krize rodiny,Keller Jan
364,1951,62,Rodina,Keller Jan
366,2128,62,Sociologie česká v l. 1948–1994,Keller Jan
368,648,64,Fourierismus,Klácel František Matouš
370,659,65,Funkcionalismus strukturální,Klofáč Jaroslav
372,2128,65,Sociologie česká v l. 1948–1994,Klofáč Jaroslav
374,2128,67,Sociologie česká v l. 1948–1994,Kohout Jaroslav
376,2136,67,Sociologie ekonomická,Kohout Jaroslav
378,2196,67,Sociologie podniku,Kohout Jaroslav
380,265,68,Čas sociální,Kolaja Jiří Tomáš
382,2128,68,Sociologie česká v l. 1948–1994,Kolaja Jiří Tomáš
384,2233,68,Sociologie umění,Kolaja Jiří Tomáš
386,322,69,Demografie,Korčák Jaromír
388,725,69,Hierarchie reality,Korčák Jaromír
390,378,72,Diferenciace sociologie,Král Josef
392,1177,72,Leviathan,Král Josef
394,2127,72,Sociologie česká do r. 1948,Král Josef
396,2128,72,Sociologie česká v l. 1948–1994,Král Josef
398,2219,72,Sociologie slovenská,Král Josef
400,2249,72,Sociologie vojenství,Král Josef
402,2414,72,Suburbanizace,Král Josef
404,2127,73,Sociologie česká do r. 1948,Krejčí František
406,2759,73,Výchova občanská,Krejčí František
408,253,74,Civilizace,Krejčí Jaroslav
410,1931,74,Revoluce,Krejčí Jaroslav
412,2128,74,Sociologie česká v l. 1948–1994,Krejčí Jaroslav
414,2149,74,Sociologie husitství,Krejčí Jaroslav
416,413,76,Dospělost,Kučera Milan
418,1321,76,Mládí,Kučera Milan
420,2127,77,Sociologie česká do r. 1948,Kunte Ladislav
422,1753,78,Procedura výzkumná,Lamser Václav
424,2128,78,Sociologie česká v l. 1948–1994,Lamser Václav
426,2248,78,Sociologie vědy,Lamser Václav
428,2254,78,Sociologie zemědělství,Lamser Václav
430,1165,79,Láska,Librová Hana
432,1870,79,Půda,Librová Hana
434,1579,80,Pedagogika sociální,Lindner Gustav Adolf
436,2127,80,Sociologie česká do r. 1948,Lindner Gustav Adolf
438,2251,80,Sociologie výchovy,Lindner Gustav Adolf
440,2128,81,Sociologie česká v l. 1948–1994,Linhart Jiří
442,2222,81,Sociologie sportu,Linhart Jiří
444,2250,81,Sociologie volného času,Linhart Jiří
446,2407,81,Styl životní,Linhart Jiří
448,1645,82,Politika sociální,Macek Josef
450,2244,82,Sociologie venkova,Macek Josef
452,396,84,Distance sociální,Machonin Pavel
454,505,84,Empiricismus abstraktní,Machonin Pavel
456,883,84,Inkonzistence statusu,Machonin Pavel
458,1030,84,Kolektiv,Machonin Pavel
460,1733,84,Prestiž,Machonin Pavel
462,2128,84,Sociologie česká v l. 1948–1994,Machonin Pavel
464,2175,84,Sociologie marxisticko-leninská,Machonin Pavel
466,2199,84,Sociologie povolání,Machonin Pavel
468,2219,84,Sociologie slovenská,Machonin Pavel
470,2385,84,Stratifikace sociální,Machonin Pavel
472,1161,85,Laboretismus,Machotka Otakar
474,2090,85,Socialismus český,Machotka Otakar
476,2179,85,Sociologie města,Machotka Otakar
478,2211,85,Sociologie rodiny,Machotka Otakar
480,2219,85,Sociologie slovenská,Machotka Otakar
482,2245,85,Sociologie veřejného mínění,Machotka Otakar
484,2774,85,Výzkum demografický,Machotka Otakar
486,12,91,Aféra,Masaryk Tomáš Garrigue
488,30,91,Alkoholismus,Masaryk Tomáš Garrigue
490,442,91,Dynamika sociální,Masaryk Tomáš Garrigue
492,455,91,Egoismus rozumný,Masaryk Tomáš Garrigue
494,501,91,Emoce,Masaryk Tomáš Garrigue
496,560,91,Etokracie,Masaryk Tomáš Garrigue
498,620,91,Fenomenologie,Masaryk Tomáš Garrigue
500,632,91,Filozofie vědy,Masaryk Tomáš Garrigue
502,733,91,Historiografie,Masaryk Tomáš Garrigue
504,734,91,Historiozofie,Masaryk Tomáš Garrigue
506,739,91,Hnutí abstinentské,Masaryk Tomáš Garrigue
508,1176,91,Leninismus,Masaryk Tomáš Garrigue
510,1180,91,Liberalismus,Masaryk Tomáš Garrigue
512,1230,91,Masarykismus,Masaryk Tomáš Garrigue
514,1364,91,Náboženství,Masaryk Tomáš Garrigue
516,1438,91,Občina,Masaryk Tomáš Garrigue
518,1526,91,Otázka česká,Masaryk Tomáš Garrigue
520,1533,91,Otázka sociální,Masaryk Tomáš Garrigue
522,1797,91,Prostor sociální,Masaryk Tomáš Garrigue
524,1934,91,Revoluce hlav a srdcí,Masaryk Tomáš Garrigue
526,1961,91,Rotariánství,Masaryk Tomáš Garrigue
528,2014,91,Sebevražda,Masaryk Tomáš Garrigue
530,2084,91,Smysl dějin,Masaryk Tomáš Garrigue
532,2090,91,Socialismus český,Masaryk Tomáš Garrigue
534,2112,91,Sociologie,Masaryk Tomáš Garrigue
536,2117,91,Sociologie americká,Masaryk Tomáš Garrigue
538,2127,91,Sociologie česká do r. 1948,Masaryk Tomáš Garrigue
540,2130,91,Sociologie deviantního chování,Masaryk Tomáš Garrigue
542,2149,91,Sociologie husitství,Masaryk Tomáš Garrigue
544,2171,91,Sociologie literatury,Masaryk Tomáš Garrigue
546,2191,91,Sociologie obecná,Masaryk Tomáš Garrigue
548,2200,91,Sociologie pozitivistická,Masaryk Tomáš Garrigue
550,2211,91,Sociologie rodiny,Masaryk Tomáš Garrigue
552,2219,91,Sociologie slovenská,Masaryk Tomáš Garrigue
554,2261,91,Sokol,Masaryk Tomáš Garrigue
556,2354,91,Statika sociální,Masaryk Tomáš Garrigue
558,2643,91,Umělec,Masaryk Tomáš Garrigue
560,2644,91,Umění,Masaryk Tomáš Garrigue
562,2795,91,Vzdělávání politické,Masaryk Tomáš Garrigue
564,2869,92,Ženy v sociologii,Masaryková Alice
566,465,93,Ekologie sociální,Matějů Petr
568,2128,93,Sociologie česká v l. 1948–1994,Matějů Petr
570,2179,93,Sociologie města,Matějů Petr
572,2385,93,Stratifikace sociální,Matějů Petr
574,255,94,Coil system,Mertl Jan
576,1161,94,Laboretismus,Mertl Jan
578,1177,94,Leviathan,Mertl Jan
580,2867,94,„železný zákon oligarchie“,Mertl Jan
582,2090,96,Socialismus český,Modráček František
584,2091,96,Socialismus družstevní,Modráček František
586,2244,96,Sociologie venkova,Modráček František
588,32,97,Altruismus,Možný Ivo
590,413,97,Dospělost,Možný Ivo
592,446,97,Efekt bumerangový,Možný Ivo
594,987,97,Každodennost,Možný Ivo
596,1535,97,Otázka ženská,Možný Ivo
598,2128,97,Sociologie česká v l. 1948–1994,Možný Ivo
600,2211,97,Sociologie rodiny,Možný Ivo
602,2219,97,Sociologie slovenská,Možný Ivo
604,465,98,Ekologie sociální,Musil Jiří
606,1525,98,Otázka bytová,Musil Jiří
608,1797,98,Prostor sociální,Musil Jiří
610,2128,98,Sociologie česká v l. 1948–1994,Musil Jiří
612,2179,98,Sociologie města,Musil Jiří
614,2117,99,Sociologie americká,Nehněvajsa Jiří
616,2128,99,Sociologie česká v l. 1948–1994,Nehněvajsa Jiří
618,2237,99,Sociologie v Hongkongu,Nehněvajsa Jiří
620,2256,99,Sociometrie,Nehněvajsa Jiří
622,1172,100,LeF,Nejedlý Zdeněk
624,1230,100,Masarykismus,Nejedlý Zdeněk
626,1526,100,Otázka česká,Nejedlý Zdeněk
628,2147,100,Sociologie hudby,Nejedlý Zdeněk
630,2149,100,Sociologie husitství,Nejedlý Zdeněk
632,2759,100,Výchova občanská,Nejedlý Zdeněk
634,987,102,Každodennost,Nový Lubomír
636,1230,102,Masarykismus,Nový Lubomír
638,1526,102,Otázka česká,Nový Lubomír
640,2121,102,Sociologie biografická,Nový Lubomír
642,1733,103,Prestiž,Obrdlík Antonín
644,2127,103,Sociologie česká do r. 1948,Obrdlík Antonín
646,2199,103,Sociologie povolání,Obrdlík Antonín
648,1099,104,Konvence společenská,Obrdlíková Juliana
650,2127,104,Sociologie česká do r. 1948,Obrdlíková Juliana
652,2869,104,Ženy v sociologii,Obrdlíková Juliana
655,1933,106,Revoluce demografická,Pavlík Zdeněk
657,1961,107,Rotariánství,Peroutka Ferdinand
659,270,108,Činnost,Petrusek Miloslav
661,541,108,Etika vědy,Petrusek Miloslav
663,582,108,Exkluze sociální,Petrusek Miloslav
665,611,108,Fatalismus kulturní,Petrusek Miloslav
667,646,108,„formální organizace a neformální struktura“,Petrusek Miloslav
669,987,108,Každodennost,Petrusek Miloslav
671,1605,108,Pluralismus teoretický,Petrusek Miloslav
673,1737,108,Princip komplementarity,Petrusek Miloslav
675,2067,108,Skupina společenská,Petrusek Miloslav
677,2116,108,Sociologie alternativní,Petrusek Miloslav
679,2128,108,Sociologie česká v l. 1948–1994,Petrusek Miloslav
681,2152,108,Sociologie interpretativní,Petrusek Miloslav
683,2173,108,Sociologie malých skupin,Petrusek Miloslav
685,2175,108,Sociologie marxisticko-leninská,Petrusek Miloslav
687,2219,108,Sociologie slovenská,Petrusek Miloslav
689,2248,108,Sociologie vědy,Petrusek Miloslav
691,2256,108,Sociometrie,Petrusek Miloslav
693,1961,109,Rotariánství,Pistorius Theodor
695,1684,111,Potenciál lidský,Potůček Martin
697,2128,111,Sociologie česká v l. 1948–1994,Potůček Martin
699,2178,111,Sociologie medicíny,Potůček Martin
701,2229,111,Sociologie tělesné kultury,Potůček Martin
703,984,113,Katolicismus sociální,Procházka Matěj
705,897,115,Inteligence,Rádl Emanuel
707,2084,115,Smysl dějin,Rádl Emanuel
709,2127,115,Sociologie česká do r. 1948,Rádl Emanuel
711,2211,115,Sociologie rodiny,Rádl Emanuel
713,2860,117,Způsob života konzumní,Reich Edvard
715,905,119,Interdisciplinarita,Richta Radovan
717,1230,119,Masarykismus,Richta Radovan
719,1941,119,Revoluce vědeckotechnická,Richta Radovan
721,2488,119,Technika,Richta Radovan
723,2128,123,Sociologie česká v l. 1948–1994,Řehák Jan
725,2850,123,Znak,Řehák Jan
727,2128,124,Sociologie česká v l. 1948–1994,Sedláček Jan
729,646,130,„formální organizace a neformální struktura“,Slejška Dragoslav
731,1030,130,Kolektiv,Slejška Dragoslav
733,2128,130,Sociologie česká v l. 1948–1994,Slejška Dragoslav
735,2173,130,Sociologie malých skupin,Slejška Dragoslav
737,2196,130,Sociologie podniku,Slejška Dragoslav
739,2256,130,Sociometrie,Slejška Dragoslav
741,2778,130,Výzkum hodnot,Slejška Dragoslav
743,2128,132,Sociologie česká v l. 1948–1994,Solař Josef
745,202,134,Biologismus,Sorokin Pitirim Alexandrovič
747,253,134,Civilizace,Sorokin Pitirim Alexandrovič
749,265,134,Čas sociální,Sorokin Pitirim Alexandrovič
751,505,134,Empiricismus abstraktní,Sorokin Pitirim Alexandrovič
753,600,134,Fakt sociální,Sorokin Pitirim Alexandrovič
755,733,134,Historiografie,Sorokin Pitirim Alexandrovič
757,803,134,Charakter národní,Sorokin Pitirim Alexandrovič
759,900,134,Interakce sociální,Sorokin Pitirim Alexandrovič
761,902,134,Interakcionismus,Sorokin Pitirim Alexandrovič
763,903,134,Interakcionismus symbolický,Sorokin Pitirim Alexandrovič
765,986,134,Kauzalita sociální,Sorokin Pitirim Alexandrovič
767,1015,134,Koeficient humanistický,Sorokin Pitirim Alexandrovič
769,1156,134,Kulturologie,Sorokin Pitirim Alexandrovič
771,1210,134,Makrosociologie a mikrosociologie,Sorokin Pitirim Alexandrovič
773,1213,134,Malthuziánství,Sorokin Pitirim Alexandrovič
775,1325,134,Mobilita sociální,Sorokin Pitirim Alexandrovič
777,1587,134,Periodizace dějin,Sorokin Pitirim Alexandrovič
779,1771,134,Prognóza sociální,Sorokin Pitirim Alexandrovič
781,1797,134,Prostor sociální,Sorokin Pitirim Alexandrovič
783,1892,134,Redukcionismus,Sorokin Pitirim Alexandrovič
785,1972,134,Rozpočet časový,Sorokin Pitirim Alexandrovič
787,2059,134,Skupina malá,Sorokin Pitirim Alexandrovič
789,2112,134,Sociologie,Sorokin Pitirim Alexandrovič
791,2117,134,Sociologie americká,Sorokin Pitirim Alexandrovič
793,2153,134,Sociologie italská,Sorokin Pitirim Alexandrovič
795,2166,134,Sociologie kultury,Sorokin Pitirim Alexandrovič
797,2173,134,Sociologie malých skupin,Sorokin Pitirim Alexandrovič
799,2199,134,Sociologie povolání,Sorokin Pitirim Alexandrovič
801,2214,134,Sociologie ruská a v Sovětském svazu,Sorokin Pitirim Alexandrovič
803,2231,134,Sociologie teoretická,Sorokin Pitirim Alexandrovič
805,2233,134,Sociologie umění,Sorokin Pitirim Alexandrovič
807,2239,134,Sociologie v Kolumbii,Sorokin Pitirim Alexandrovič
809,2244,134,Sociologie venkova,Sorokin Pitirim Alexandrovič
811,2247,134,Sociologie vědění,Sorokin Pitirim Alexandrovič
813,2249,134,Sociologie vojenství,Sorokin Pitirim Alexandrovič
815,2252,134,Sociologie výtvarného umění,Sorokin Pitirim Alexandrovič
817,2529,134,Teorie konvergence,Sorokin Pitirim Alexandrovič
819,2538,134,Teorie pohyblivé hranice,Sorokin Pitirim Alexandrovič
821,2549,134,Teorie sociologická,Sorokin Pitirim Alexandrovič
823,2557,134,Teorie vývoje cyklické,Sorokin Pitirim Alexandrovič
825,2598,134,Trend mnohonásobný,Sorokin Pitirim Alexandrovič
827,2628,134,Typologie společností,Sorokin Pitirim Alexandrovič
829,2656,134,Úroveň kulturní,Sorokin Pitirim Alexandrovič
831,2671,134,Válka,Sorokin Pitirim Alexandrovič
833,2711,134,Venkov,Sorokin Pitirim Alexandrovič
835,2797,134,Vzor kulturní,Sorokin Pitirim Alexandrovič
837,2849,134,Změna sociální,Sorokin Pitirim Alexandrovič
840,413,135,Dospělost,Srb Vladimír
842,1321,135,Mládí,Srb Vladimír
844,2247,136,Sociologie vědění,Stark Werner
846,270,137,Činnost,Strmiska Zdeněk
848,659,137,Funkcionalismus strukturální,Strmiska Zdeněk
850,2067,137,Skupina společenská,Strmiska Zdeněk
852,2112,137,Sociologie,Strmiska Zdeněk
854,2128,137,Sociologie česká v l. 1948–1994,Strmiska Zdeněk
856,2197,137,Sociologie politiky,Strmiska Zdeněk
858,2286,137,Společnost,Strmiska Zdeněk
860,2791,137,Výzkum veřejného mínění,Strmiska Zdeněk
862,1526,138,Otázka česká,Střítecký Jaroslav
864,2128,139,Sociologie česká v l. 1948–1994,Suda Zdeněk
866,2197,139,Sociologie politiky,Suda Zdeněk
868,1409,140,Neomarxismus,Sviták Ivan
870,2127,141,Sociologie česká do r. 1948,Svoboda Ludvík
872,2174,141,Sociologie marxistická,Svoboda Ludvík
874,2128,143,Sociologie česká v l. 1948–1994,Šiklová Jiřina
876,2251,143,Sociologie výchovy,Šiklová Jiřina
878,2443,143,„šedá zóna“,Šiklová Jiřina
880,2869,143,Ženy v sociologii,Šiklová Jiřina
882,2127,144,Sociologie česká do r. 1948,Šíma Jaroslav
884,2251,144,Sociologie výchovy,Šíma Jaroslav
886,2127,145,Sociologie česká do r. 1948,Škrach Vasil Kaprálek
888,2127,150,Sociologie česká do r. 1948,Štefánek Anton
890,2219,150,Sociologie slovenská,Štefánek Anton
892,2244,150,Sociologie venkova,Štefánek Anton
894,423,151,Dovolená,Štern Evžen
896,2090,151,Socialismus český,Štern Evžen
898,2091,151,Socialismus družstevní,Štern Evžen
900,2250,151,Sociologie volného času,Štern Evžen
902,2499,151,Technokratismus,Štern Evžen
904,2127,152,Sociologie česká do r. 1948,Tauber Jan Bohumil
906,2244,152,Sociologie venkova,Tauber Jan Bohumil
908,2254,152,Sociologie zemědělství,Tauber Jan Bohumil
910,359,153,Devětsil,Teige Karel
912,1172,153,LeF,Teige Karel
914,1525,153,Otázka bytová,Teige Karel
916,1620,153,Poetismus,Teige Karel
918,1959,153,Romantismus,Teige Karel
920,2417,153,Surrealismus,Teige Karel
922,2653,153,Urbanismus,Teige Karel
924,2860,153,Způsob života konzumní,Teige Karel
926,659,155,Funkcionalismus strukturální,Tlustý Vojtěch
928,2128,155,Sociologie česká v l. 1948–1994,Tlustý Vojtěch
930,2127,157,Sociologie česká do r. 1948,Trapl Miloslav
932,286,158,Darwinismus sociální,Tyrš Miroslav
934,2222,158,Sociologie sportu,Tyrš Miroslav
936,2230,158,Sociologie tělesné výchovy,Tyrš Miroslav
938,2261,158,Sokol,Tyrš Miroslav
940,2621,158,Turnerství,Tyrš Miroslav
942,2127,159,Sociologie česká do r. 1948,Uhlíř Antonín
944,2255,159,Sociologismus,Uhlíř Antonín
946,2,160,Abiturient,Ullrich Zdeněk
948,1978,160,Rurbanizace,Ullrich Zdeněk
950,2127,160,Sociologie česká do r. 1948,Ullrich Zdeněk
952,2128,160,Sociologie česká v l. 1948–1994,Ullrich Zdeněk
954,2149,160,Sociologie husitství,Ullrich Zdeněk
956,2179,160,Sociologie města,Ullrich Zdeněk
958,2196,160,Sociologie podniku,Ullrich Zdeněk
960,2201,160,Sociologie práce,Ullrich Zdeněk
962,2244,160,Sociologie venkova,Ullrich Zdeněk
964,2402,160,Studie komunitní,Ullrich Zdeněk
966,2414,160,Suburbanizace,Ullrich Zdeněk
968,2458,160,Škola chicagská,Ullrich Zdeněk
970,554,161,Etnometodologie,Urbánek Eduard
972,768,161,Homo sociologicus,Urbánek Eduard
974,954,161,Jiný,Urbánek Eduard
976,987,161,Každodennost,Urbánek Eduard
978,1409,161,Neomarxismus,Urbánek Eduard
980,2128,161,Sociologie česká v l. 1948–1994,Urbánek Eduard
982,2142,161,Sociologie fenomenologická,Urbánek Eduard
984,2245,162,Sociologie veřejného mínění,Vacek Lubomír
986,359,163,Devětsil,Václavek Bedřich
988,1620,163,Poetismus,Václavek Bedřich
990,2127,163,Sociologie česká do r. 1948,Václavek Bedřich
992,2171,163,Sociologie literatury,Václavek Bedřich
994,2174,163,Sociologie marxistická,Václavek Bedřich
996,1230,164,Masarykismus,Vaněk Antonín
998,2128,164,Sociologie česká v l. 1948–1994,Vaněk Antonín
1000,2175,164,Sociologie marxisticko-leninská,Vaněk Antonín
1002,2219,164,Sociologie slovenská,Vaněk Antonín
1004,2127,165,Sociologie česká do r. 1948,Vašek Bedřich
1006,465,166,Ekologie sociální,Večerník Jiří
1008,2128,166,Sociologie česká v l. 1948–1994,Večerník Jiří
1010,1161,167,Laboretismus,Verunáč Václav
1012,1216,167,Management vědecký,Verunáč Václav
1014,2196,167,Sociologie podniku,Verunáč Václav
1016,2499,167,Technokratismus,Verunáč Václav
1018,2128,168,Sociologie česká v l. 1948–1994,Voráček Josef
1020,1213,170,Malthuziánství,Weber Alfred
1022,2166,170,Sociologie kultury,Weber Alfred
1024,2187,170,Sociologie německá,Weber Alfred
1026,2252,170,Sociologie výtvarného umění,Weber Alfred
1028,2394,170,Struktura sociologie paradigmatická,Weber Alfred
1030,2628,170,Typologie společností,Weber Alfred
1032,2146,171,Sociologie hodnot,Weyr František
1034,2103,175,Sociální a společenské,Zich František
1036,2219,175,Sociologie slovenská,Zich František
1038,2245,175,Sociologie veřejného mínění,Zich František
1040,2743,175,Výběr kvótní,Zich František
1042,2127,176,Sociologie česká do r. 1948,Zwicker Bruno
1044,2130,176,Sociologie deviantního chování,Zwicker Bruno
1046,2127,178,Sociologie česká do r. 1948,Žmavc Ivan
