ID,MalySgSID1,MalySgSID2,MalySgS,MalySgS
1,90,1,Morálka (MSgS),Adaptace (MSgS)
2,5,2,Antagonismus (MSgS),Agrese (MSgS)
3,42,2,Frustrace (MSgS),Agrese (MSgS)
4,134,2,Rasa a rasové vztahy (MSgS),Agrese (MSgS)
5,17,3,"Činnost, společenská činnost (MSgS)",Alkoholismus (MSgS)
6,147,3,Patologie sociální (MSgS),Alkoholismus (MSgS)
7,27,4,Šetření dotazníkové (MSgS),Anketa (MSgS)
8,65,5,Konflikt a teorie konfliktu (MSgS),Antagonismus (MSgS)
9,31,6,Skupiny etnické (MSgS),Antropologie (MSgS)
10,32,6,Etnografie (MSgS),Antropologie (MSgS)
11,33,6,Etnologie (MSgS),Antropologie (MSgS)
12,43,6,Funkcionalismus (MSgS),Antropologie (MSgS)
13,134,6,Rasa a rasové vztahy (MSgS),Antropologie (MSgS)
14,145,6,Socializace (MSgS),Antropologie (MSgS)
15,148,6,Psychologie sociální (MSgS),Antropologie (MSgS)
16,150,6,Sociografie (MSgS),Antropologie (MSgS)
17,155,6,Sociologie americká (MSgS),Antropologie (MSgS)
18,159,6,Sociologie německá (MSgS),Antropologie (MSgS)
19,101,7,Organizace (MSgS),Armáda (MSgS)
20,39,8,Formace společenskoekonomická (MSgS),Způsob výrobní asijský (MSgS)
21,105,8,Řád otrokářský (MSgS),Způsob výrobní asijský (MSgS)
22,22,10,Dělba práce (MSgS),Automatizace (MSgS)
23,179,10,Třídy střední (MSgS),Automatizace (MSgS)
24,183,10,Technika (MSgS),Automatizace (MSgS)
25,110,11,Politika (MSgS),Autorita (MSgS)
26,17,12,"Činnost, společenská činnost (MSgS)",Behaviorismus (MSgS)
27,63,12,Analýza kauzální (MSgS),Behaviorismus (MSgS)
28,90,12,Morálka (MSgS),Behaviorismus (MSgS)
29,95,12,Sociologie novopozitivistická (MSgS),Behaviorismus (MSgS)
30,23,13,Třída dělnická (MSgS),Buržoazie (MSgS)
31,25,13,Diktatura (MSgS),Buržoazie (MSgS)
32,73,13,Lid (MSgS),Buržoazie (MSgS)
33,149,13,Revoluce sociální (MSgS),Buržoazie (MSgS)
34,179,13,Třídy střední (MSgS),Buržoazie (MSgS)
35,77,14,Manažerismus (MSgS),Byrokracie (MSgS)
36,100,14,Definice operativní v sociologii (MSgS),Byrokracie (MSgS)
37,101,14,Organizace (MSgS),Byrokracie (MSgS)
38,127,14,Podnik průmyslový (MSgS),Byrokracie (MSgS)
39,186,14,Třídy a třídní boj (MSgS),Byrokracie (MSgS)
40,101,16,Organizace (MSgS),Církve (MSgS)
41,56,17,Instituce (MSgS),"Činnost, společenská činnost (MSgS)"
42,58,17,Interakce (MSgS),"Činnost, společenská činnost (MSgS)"
43,167,17,"Společnost, společenská skutečnost (MSgS)","Činnost, společenská činnost (MSgS)"
44,193,17,Mínění veřejné (MSgS),"Činnost, společenská činnost (MSgS)"
45,194,17,Věda (MSgS),"Činnost, společenská činnost (MSgS)"
46,201,17,Zaměstnanci (MSgS),"Činnost, společenská činnost (MSgS)"
47,53,18,Společnost industriální (MSgS),Dav (MSgS)
48,79,18,Masa (MSgS),Dav (MSgS)
49,98,18,Odcizení (MSgS),Dav (MSgS)
50,148,18,Psychologie sociální (MSgS),Dav (MSgS)
51,28,19,Ekologie (MSgS),Demografie (MSgS)
52,95,19,Sociologie novopozitivistická (MSgS),Demografie (MSgS)
53,113,19,Populace (MSgS),Demografie (MSgS)
54,25,20,Diktatura (MSgS),Demokracie (MSgS)
55,38,21,Filosofie dějin (MSgS),Determinismus společenský (MSgS)
56,14,22,Byrokracie (MSgS),Dělba práce (MSgS)
57,24,22,Diferenciace a integrace (MSgS),Dělba práce (MSgS)
58,28,22,Ekologie (MSgS),Dělba práce (MSgS)
59,30,22,Ekonomika (MSgS),Dělba práce (MSgS)
60,51,22,Ideologie (MSgS),Dělba práce (MSgS)
61,57,22,Inteligence (MSgS),Dělba práce (MSgS)
62,64,22,Komunismus (MSgS),Dělba práce (MSgS)
63,110,22,Politika (MSgS),Dělba práce (MSgS)
64,116,22,Povolání (MSgS),Dělba práce (MSgS)
65,119,22,Práce (MSgS),Dělba práce (MSgS)
66,128,22,Společnost předtřídní (MSgS),Dělba práce (MSgS)
67,175,22,Stratifikace sociální (MSgS),Dělba práce (MSgS)
68,179,22,Třídy střední (MSgS),Dělba práce (MSgS)
69,201,22,Zaměstnanci (MSgS),Dělba práce (MSgS)
70,202,22,Zemědělství (MSgS),Dělba práce (MSgS)
71,51,23,Ideologie (MSgS),Třída dělnická (MSgS)
72,186,23,Třídy a třídní boj (MSgS),Třída dělnická (MSgS)
73,9,24,Aspirace (MSgS),Diferenciace a integrace (MSgS)
74,175,24,Stratifikace sociální (MSgS),Diferenciace a integrace (MSgS)
75,26,27,Distance (MSgS),Šetření dotazníkové (MSgS)
76,34,27,Experiment (MSgS),Šetření dotazníkové (MSgS)
77,59,27,Interview (MSgS),Šetření dotazníkové (MSgS)
78,82,27,"Metody, procedury a techniky (MSgS)",Šetření dotazníkové (MSgS)
79,174,27,Strategie sociologického výzkumu (MSgS),Šetření dotazníkové (MSgS)
80,6,28,Antropologie (MSgS),Ekologie (MSgS)
81,44,28,Podmínky geografické (MSgS),Ekologie (MSgS)
82,72,28,Sociologie lékařská (MSgS),Ekologie (MSgS)
83,89,28,Procedura monografická (MSgS),Ekologie (MSgS)
84,204,28,Zoosociologie (MSgS),Ekologie (MSgS)
85,126,30,Průmysl (MSgS),Ekonomika (MSgS)
86,127,30,Podnik průmyslový (MSgS),Ekonomika (MSgS)
87,149,30,Revoluce sociální (MSgS),Ekonomika (MSgS)
88,93,31,Národ (MSgS),Skupiny etnické (MSgS)
89,201,31,Zaměstnanci (MSgS),Skupiny etnické (MSgS)
90,31,32,Skupiny etnické (MSgS),Etnografie (MSgS)
91,33,32,Etnologie (MSgS),Etnografie (MSgS)
92,150,32,Sociografie (MSgS),Etnografie (MSgS)
93,159,32,Sociologie německá (MSgS),Etnografie (MSgS)
94,82,34,"Metody, procedury a techniky (MSgS)",Experiment (MSgS)
95,106,34,Panel (MSgS),Experiment (MSgS)
96,76,36,Skupina sociální malá (MSgS),Analýza faktorová (MSgS)
97,8,37,Způsob výrobní asijský (MSgS),Feudalismus (MSgS)
98,31,37,Skupiny etnické (MSgS),Feudalismus (MSgS)
99,39,37,Formace společenskoekonomická (MSgS),Feudalismus (MSgS)
100,61,37,Kapitalismus (MSgS),Feudalismus (MSgS)
101,105,37,Řád otrokářský (MSgS),Feudalismus (MSgS)
102,22,39,Dělba práce (MSgS),Formace společenskoekonomická (MSgS)
103,30,39,Ekonomika (MSgS),Formace společenskoekonomická (MSgS)
104,105,39,Řád otrokářský (MSgS),Formace společenskoekonomická (MSgS)
105,170,39,Stát (MSgS),Formace společenskoekonomická (MSgS)
106,178,39,Struktura sociální (MSgS),Formace společenskoekonomická (MSgS)
107,183,39,Technika (MSgS),Formace společenskoekonomická (MSgS)
108,120,41,Skupina pracovní (MSgS),Vztahy skupinové formální a neformální (MSgS)
109,135,41,Skupina referenční (MSgS),Vztahy skupinové formální a neformální (MSgS)
110,5,42,Antagonismus (MSgS),Frustrace (MSgS)
111,65,42,Konflikt a teorie konfliktu (MSgS),Frustrace (MSgS)
112,115,42,Potřeby a zájmy (MSgS),Frustrace (MSgS)
113,134,42,Rasa a rasové vztahy (MSgS),Frustrace (MSgS)
114,147,42,Patologie sociální (MSgS),Frustrace (MSgS)
115,32,43,Etnografie (MSgS),Funkcionalismus (MSgS)
116,33,43,Etnologie (MSgS),Funkcionalismus (MSgS)
117,53,43,Společnost industriální (MSgS),Funkcionalismus (MSgS)
118,65,43,Konflikt a teorie konfliktu (MSgS),Funkcionalismus (MSgS)
119,154,43,Sociologie (MSgS),Funkcionalismus (MSgS)
120,155,43,Sociologie americká (MSgS),Funkcionalismus (MSgS)
121,45,44,Geopolitika (MSgS),Podmínky geografické (MSgS)
122,82,47,"Metody, procedury a techniky (MSgS)",Metoda historická (MSgS)
123,38,48,Filosofie dějin (MSgS),Materialismus historický (MSgS)
124,154,48,Sociologie (MSgS),Materialismus historický (MSgS)
125,11,49,Autorita (MSgS),Hodnoty (MSgS)
126,17,49,"Činnost, společenská činnost (MSgS)",Hodnoty (MSgS)
127,22,49,Dělba práce (MSgS),Hodnoty (MSgS)
128,24,49,Diferenciace a integrace (MSgS),Hodnoty (MSgS)
129,50,49,Chuligánství (MSgS),Hodnoty (MSgS)
130,90,49,Morálka (MSgS),Hodnoty (MSgS)
131,119,49,Práce (MSgS),Hodnoty (MSgS)
132,121,49,Právo (MSgS),Hodnoty (MSgS)
133,126,49,Průmysl (MSgS),Hodnoty (MSgS)
134,135,49,Skupina referenční (MSgS),Hodnoty (MSgS)
135,193,49,Mínění veřejné (MSgS),Hodnoty (MSgS)
136,198,49,Výchova (MSgS),Hodnoty (MSgS)
137,30,51,Ekonomika (MSgS),Ideologie (MSgS)
138,189,51,Utopie sociální (MSgS),Ideologie (MSgS)
139,61,52,Kapitalismus (MSgS),Imperialismus (MSgS)
140,30,53,Ekonomika (MSgS),Společnost industriální (MSgS)
141,61,53,Kapitalismus (MSgS),Společnost industriální (MSgS)
142,78,53,Manželství (MSgS),Společnost industriální (MSgS)
143,81,53,Společnost masová a kultura masová (MSgS),Společnost industriální (MSgS)
144,126,53,Průmysl (MSgS),Společnost industriální (MSgS)
145,183,53,Technika (MSgS),Společnost industriální (MSgS)
146,188,53,Urbanizace (MSgS),Společnost industriální (MSgS)
147,197,53,Čas volný (MSgS),Společnost industriální (MSgS)
148,201,53,Zaměstnanci (MSgS),Společnost industriální (MSgS)
149,60,54,Jazyk a řeč (MSgS),Informace a komunikace (MSgS)
150,91,55,Motivace (MSgS),Instinkt (MSgS)
151,148,55,Psychologie sociální (MSgS),Instinkt (MSgS)
152,155,55,Sociologie americká (MSgS),Instinkt (MSgS)
153,24,56,Diferenciace a integrace (MSgS),Instituce (MSgS)
154,41,56,Vztahy skupinové formální a neformální (MSgS),Instituce (MSgS)
155,58,56,Interakce (MSgS),Instituce (MSgS)
156,95,56,Sociologie novopozitivistická (MSgS),Instituce (MSgS)
157,110,56,Politika (MSgS),Instituce (MSgS)
158,182,56,Školství (MSgS),Instituce (MSgS)
159,200,56,Základna a nadstavba (MSgS),Instituce (MSgS)
160,23,57,Třída dělnická (MSgS),Inteligence (MSgS)
161,73,57,Lid (MSgS),Inteligence (MSgS)
162,201,57,Zaměstnanci (MSgS),Inteligence (MSgS)
163,27,58,Šetření dotazníkové (MSgS),Interakce (MSgS)
164,41,58,Vztahy skupinové formální a neformální (MSgS),Interakce (MSgS)
165,59,58,Interview (MSgS),Interakce (MSgS)
166,65,58,Konflikt a teorie konfliktu (MSgS),Interakce (MSgS)
167,74,58,Skupiny lokální (MSgS),Interakce (MSgS)
168,79,58,Masa (MSgS),Interakce (MSgS)
169,83,58,Město (MSgS),Interakce (MSgS)
170,143,58,Skupiny společenské (MSgS),Interakce (MSgS)
171,148,58,Psychologie sociální (MSgS),Interakce (MSgS)
172,156,58,Sociologie britská (MSgS),Interakce (MSgS)
173,173,58,Stereotyp (MSgS),Interakce (MSgS)
174,34,59,Experiment (MSgS),Interview (MSgS)
175,82,59,"Metody, procedury a techniky (MSgS)",Interview (MSgS)
176,31,60,Skupiny etnické (MSgS),Jazyk a řeč (MSgS)
177,22,61,Dělba práce (MSgS),Kapitalismus (MSgS)
178,23,61,Třída dělnická (MSgS),Kapitalismus (MSgS)
179,31,61,Skupiny etnické (MSgS),Kapitalismus (MSgS)
180,39,61,Formace společenskoekonomická (MSgS),Kapitalismus (MSgS)
181,64,61,Komunismus (MSgS),Kapitalismus (MSgS)
182,191,61,Vedení a řízení (MSgS),Kapitalismus (MSgS)
183,18,62,Dav (MSgS),Kasta (MSgS)
184,16,64,Církve (MSgS),Komunismus (MSgS)
185,39,64,Formace společenskoekonomická (MSgS),Komunismus (MSgS)
186,144,64,Společnost socialistická (MSgS),Komunismus (MSgS)
187,170,64,Stát (MSgS),Komunismus (MSgS)
188,40,65,Škola formalistická (MSgS),Konflikt a teorie konfliktu (MSgS)
189,90,65,Morálka (MSgS),Konflikt a teorie konfliktu (MSgS)
190,110,65,Politika (MSgS),Konflikt a teorie konfliktu (MSgS)
191,148,65,Psychologie sociální (MSgS),Konflikt a teorie konfliktu (MSgS)
192,205,65,Žena a její postavení ve společnosti (MSgS),Konflikt a teorie konfliktu (MSgS)
193,17,66,"Činnost, společenská činnost (MSgS)",Kontrola sociální (MSgS)
194,41,66,Vztahy skupinové formální a neformální (MSgS),Kontrola sociální (MSgS)
195,81,66,Společnost masová a kultura masová (MSgS),Kontrola sociální (MSgS)
196,121,66,Právo (MSgS),Kontrola sociální (MSgS)
197,136,66,Regulace sociálních činností (MSgS),Kontrola sociální (MSgS)
198,172,66,Status a role (MSgS),Kontrola sociální (MSgS)
199,136,67,Regulace sociálních činností (MSgS),Konvence společenská (MSgS)
200,6,68,Antropologie (MSgS),Kultura (MSgS)
201,26,68,Distance (MSgS),Kultura (MSgS)
202,28,68,Ekologie (MSgS),Kultura (MSgS)
203,31,68,Skupiny etnické (MSgS),Kultura (MSgS)
204,32,68,Etnografie (MSgS),Kultura (MSgS)
205,33,68,Etnologie (MSgS),Kultura (MSgS)
206,43,68,Funkcionalismus (MSgS),Kultura (MSgS)
207,49,68,Hodnoty (MSgS),Kultura (MSgS)
208,56,68,Instituce (MSgS),Kultura (MSgS)
209,58,68,Interakce (MSgS),Kultura (MSgS)
210,81,68,Společnost masová a kultura masová (MSgS),Kultura (MSgS)
211,115,68,Potřeby a zájmy (MSgS),Kultura (MSgS)
212,145,68,Socializace (MSgS),Kultura (MSgS)
213,167,68,"Společnost, společenská skutečnost (MSgS)",Kultura (MSgS)
214,178,68,Struktura sociální (MSgS),Kultura (MSgS)
215,183,68,Technika (MSgS),Kultura (MSgS)
216,81,69,Společnost masová a kultura masová (MSgS),Revoluce kulturní (MSgS)
217,81,70,Společnost masová a kultura masová (MSgS),Kvantifikace (MSgS)
218,82,70,"Metody, procedury a techniky (MSgS)",Kvantifikace (MSgS)
219,181,70,Škály a škálování (MSgS),Kvantifikace (MSgS)
220,82,71,"Metody, procedury a techniky (MSgS)",Kybernetika a sociologie (MSgS)
221,145,71,Socializace (MSgS),Kybernetika a sociologie (MSgS)
222,183,71,Technika (MSgS),Kybernetika a sociologie (MSgS)
223,3,72,Alkoholismus (MSgS),Sociologie lékařská (MSgS)
224,20,73,Demokracie (MSgS),Lid (MSgS)
225,32,73,Etnografie (MSgS),Lid (MSgS)
226,79,73,Masa (MSgS),Lid (MSgS)
227,110,73,Politika (MSgS),Lid (MSgS)
228,76,75,Skupina sociální malá (MSgS),Makrosociologie a mikrosociologie (MSgS)
229,120,75,Skupina pracovní (MSgS),Makrosociologie a mikrosociologie (MSgS)
230,101,76,Organizace (MSgS),Skupina sociální malá (MSgS)
231,120,76,Skupina pracovní (MSgS),Skupina sociální malá (MSgS)
232,131,76,Psychodrama a sociodrama (MSgS),Skupina sociální malá (MSgS)
233,143,76,Skupiny společenské (MSgS),Skupina sociální malá (MSgS)
234,175,76,Stratifikace sociální (MSgS),Skupina sociální malá (MSgS)
235,191,76,Vedení a řízení (MSgS),Skupina sociální malá (MSgS)
236,193,76,Mínění veřejné (MSgS),Skupina sociální malá (MSgS)
237,13,77,Buržoazie (MSgS),Manažerismus (MSgS)
238,183,77,Technika (MSgS),Manažerismus (MSgS)
239,184,77,Technokratismus (MSgS),Manažerismus (MSgS)
240,185,77,Teorie a metody human relations (MSgS),Manažerismus (MSgS)
241,191,77,Vedení a řízení (MSgS),Manažerismus (MSgS)
242,90,78,Morálka (MSgS),Manželství (MSgS)
243,155,78,Sociologie americká (MSgS),Manželství (MSgS)
244,20,79,Demokracie (MSgS),Masa (MSgS)
245,26,79,Distance (MSgS),Masa (MSgS)
246,53,79,Společnost industriální (MSgS),Masa (MSgS)
247,81,79,Společnost masová a kultura masová (MSgS),Masa (MSgS)
248,124,79,Propaganda (MSgS),Masa (MSgS)
249,4,80,Anketa (MSgS),Komunikace masová (MSgS)
250,81,80,Společnost masová a kultura masová (MSgS),Komunikace masová (MSgS)
251,95,80,Sociologie novopozitivistická (MSgS),Komunikace masová (MSgS)
252,124,80,Propaganda (MSgS),Komunikace masová (MSgS)
253,126,80,Průmysl (MSgS),Komunikace masová (MSgS)
254,193,80,Mínění veřejné (MSgS),Komunikace masová (MSgS)
255,126,81,Průmysl (MSgS),Společnost masová a kultura masová (MSgS)
256,72,82,Sociologie lékařská (MSgS),"Metody, procedury a techniky (MSgS)"
257,90,83,Morálka (MSgS),Město (MSgS)
258,143,83,Skupiny společenské (MSgS),Město (MSgS)
259,155,83,Sociologie americká (MSgS),Město (MSgS)
260,156,83,Sociologie britská (MSgS),Město (MSgS)
261,188,83,Urbanizace (MSgS),Město (MSgS)
262,201,83,Zaměstnanci (MSgS),Město (MSgS)
263,202,83,Zemědělství (MSgS),Město (MSgS)
264,81,84,Společnost masová a kultura masová (MSgS),Mládež (MSgS)
265,90,84,Morálka (MSgS),Mládež (MSgS)
266,196,84,Skupiny sociální věkové (MSgS),Mládež (MSgS)
267,198,84,Výchova (MSgS),Mládež (MSgS)
268,81,85,Společnost masová a kultura masová (MSgS),Mobilita sociální (MSgS)
269,116,85,Povolání (MSgS),Mobilita sociální (MSgS)
270,126,85,Průmysl (MSgS),Mobilita sociální (MSgS)
271,178,85,Struktura sociální (MSgS),Mobilita sociální (MSgS)
272,194,85,Věda (MSgS),Mobilita sociální (MSgS)
273,11,86,Autorita (MSgS),Moc (MSgS)
274,13,86,Buržoazie (MSgS),Moc (MSgS)
275,110,86,Politika (MSgS),Moc (MSgS)
276,149,86,Revoluce sociální (MSgS),Moc (MSgS)
277,17,87,"Činnost, společenská činnost (MSgS)",Móda (MSgS)
278,136,87,Regulace sociálních činností (MSgS),Móda (MSgS)
279,41,88,Vztahy skupinové formální a neformální (MSgS),Model a modelování v sociologii (MSgS)
280,71,88,Kybernetika a sociologie (MSgS),Model a modelování v sociologii (MSgS)
281,76,88,Skupina sociální malá (MSgS),Model a modelování v sociologii (MSgS)
282,81,88,Společnost masová a kultura masová (MSgS),Model a modelování v sociologii (MSgS)
283,82,88,"Metody, procedury a techniky (MSgS)",Model a modelování v sociologii (MSgS)
284,82,89,"Metody, procedury a techniky (MSgS)",Procedura monografická (MSgS)
285,3,90,Alkoholismus (MSgS),Morálka (MSgS)
286,30,90,Ekonomika (MSgS),Morálka (MSgS)
287,110,90,Politika (MSgS),Morálka (MSgS)
288,121,90,Právo (MSgS),Morálka (MSgS)
289,193,90,Mínění veřejné (MSgS),Morálka (MSgS)
290,90,91,Morálka (MSgS),Motivace (MSgS)
291,114,91,Postoje (MSgS),Motivace (MSgS)
292,121,91,Právo (MSgS),Motivace (MSgS)
293,207,91,Úroveň životní (MSgS),Motivace (MSgS)
294,16,92,Církve (MSgS),Náboženství (MSgS)
295,94,93,Otázka národnostní (MSgS),Národ (MSgS)
296,100,95,Definice operativní v sociologii (MSgS),Sociologie novopozitivistická (MSgS)
297,117,95,Pozitivismus (MSgS),Sociologie novopozitivistická (MSgS)
298,143,95,Skupiny společenské (MSgS),Sociologie novopozitivistická (MSgS)
299,154,95,Sociologie (MSgS),Sociologie novopozitivistická (MSgS)
300,6,96,Antropologie (MSgS),Obec (MSgS)
301,74,96,Skupiny lokální (MSgS),Obec (MSgS)
302,76,96,Skupina sociální malá (MSgS),Obec (MSgS)
303,83,96,Město (MSgS),Obec (MSgS)
304,6,97,Antropologie (MSgS),Analýza obsahová (MSgS)
305,81,97,Společnost masová a kultura masová (MSgS),Analýza obsahová (MSgS)
306,102,97,Dokumenty osobní (MSgS),Analýza obsahová (MSgS)
307,124,97,Propaganda (MSgS),Analýza obsahová (MSgS)
308,14,98,Byrokracie (MSgS),Odcizení (MSgS)
309,43,98,Funkcionalismus (MSgS),Odcizení (MSgS)
310,53,98,Společnost industriální (MSgS),Odcizení (MSgS)
311,61,98,Kapitalismus (MSgS),Odcizení (MSgS)
312,64,98,Komunismus (MSgS),Odcizení (MSgS)
313,119,98,Práce (MSgS),Odcizení (MSgS)
314,126,98,Průmysl (MSgS),Odcizení (MSgS)
315,183,98,Technika (MSgS),Odcizení (MSgS)
316,197,98,Čas volný (MSgS),Odcizení (MSgS)
317,12,99,Behaviorismus (MSgS),Operacionalismus (MSgS)
318,100,99,Definice operativní v sociologii (MSgS),Operacionalismus (MSgS)
319,28,101,Ekologie (MSgS),Organizace (MSgS)
320,41,101,Vztahy skupinové formální a neformální (MSgS),Organizace (MSgS)
321,52,101,Imperialismus (MSgS),Organizace (MSgS)
322,56,101,Instituce (MSgS),Organizace (MSgS)
323,110,101,Politika (MSgS),Organizace (MSgS)
324,121,101,Právo (MSgS),Organizace (MSgS)
325,127,101,Podnik průmyslový (MSgS),Organizace (MSgS)
326,191,101,Vedení a řízení (MSgS),Organizace (MSgS)
327,200,101,Základna a nadstavba (MSgS),Organizace (MSgS)
328,47,102,Metoda historická (MSgS),Dokumenty osobní (MSgS)
329,3,103,Alkoholismus (MSgS),Osobnost (MSgS)
330,17,103,"Činnost, společenská činnost (MSgS)",Osobnost (MSgS)
331,56,103,Instituce (MSgS),Osobnost (MSgS)
332,90,103,Morálka (MSgS),Osobnost (MSgS)
333,148,103,Psychologie sociální (MSgS),Osobnost (MSgS)
334,31,105,Skupiny etnické (MSgS),Řád otrokářský (MSgS)
335,82,106,"Metody, procedury a techniky (MSgS)",Panel (MSgS)
336,27,107,Šetření dotazníkové (MSgS),Pilotáž (MSgS)
337,82,107,"Metody, procedury a techniky (MSgS)",Pilotáž (MSgS)
338,151,107,Akce výzkumná sociologická (MSgS),Pilotáž (MSgS)
339,174,107,Strategie sociologického výzkumu (MSgS),Pilotáž (MSgS)
340,47,108,Metoda historická (MSgS),Platnost (MSgS)
341,168,108,Spolehlivost (MSgS),Platnost (MSgS)
342,101,109,Organizace (MSgS),Strany politické (MSgS)
343,191,109,Vedení a řízení (MSgS),Strany politické (MSgS)
344,14,110,Byrokracie (MSgS),Politika (MSgS)
345,30,110,Ekonomika (MSgS),Politika (MSgS)
346,111,110,Politologie (MSgS),Politika (MSgS)
347,149,110,Revoluce sociální (MSgS),Politika (MSgS)
348,82,112,"Metody, procedury a techniky (MSgS)",Popis a interpretace (MSgS)
349,28,113,Ekologie (MSgS),Populace (MSgS)
350,95,113,Sociologie novopozitivistická (MSgS),Populace (MSgS)
351,116,113,Povolání (MSgS),Populace (MSgS)
352,192,113,Venkov (MSgS),Populace (MSgS)
353,17,114,"Činnost, společenská činnost (MSgS)",Postoje (MSgS)
354,26,114,Distance (MSgS),Postoje (MSgS)
355,27,114,Šetření dotazníkové (MSgS),Postoje (MSgS)
356,28,114,Ekologie (MSgS),Postoje (MSgS)
357,90,114,Morálka (MSgS),Postoje (MSgS)
358,148,114,Psychologie sociální (MSgS),Postoje (MSgS)
359,193,114,Mínění veřejné (MSgS),Postoje (MSgS)
360,17,115,"Činnost, společenská činnost (MSgS)",Potřeby a zájmy (MSgS)
361,91,115,Motivace (MSgS),Potřeby a zájmy (MSgS)
362,197,115,Čas volný (MSgS),Potřeby a zájmy (MSgS)
363,23,116,Třída dělnická (MSgS),Povolání (MSgS)
364,119,116,Práce (MSgS),Povolání (MSgS)
365,120,116,Skupina pracovní (MSgS),Povolání (MSgS)
366,126,116,Průmysl (MSgS),Povolání (MSgS)
367,159,117,Sociologie německá (MSgS),Pozitivismus (MSgS)
368,34,118,Experiment (MSgS),Pozorování (MSgS)
369,82,118,"Metody, procedury a techniky (MSgS)",Pozorování (MSgS)
370,30,119,Ekonomika (MSgS),Práce (MSgS)
371,41,119,Vztahy skupinové formální a neformální (MSgS),Práce (MSgS)
372,127,119,Podnik průmyslový (MSgS),Práce (MSgS)
373,197,119,Čas volný (MSgS),Práce (MSgS)
374,22,120,Dělba práce (MSgS),Skupina pracovní (MSgS)
375,24,120,Diferenciace a integrace (MSgS),Skupina pracovní (MSgS)
376,119,120,Práce (MSgS),Skupina pracovní (MSgS)
377,126,120,Průmysl (MSgS),Skupina pracovní (MSgS)
378,135,120,Skupina referenční (MSgS),Skupina pracovní (MSgS)
379,30,121,Ekonomika (MSgS),Právo (MSgS)
380,41,121,Vztahy skupinové formální a neformální (MSgS),Právo (MSgS)
381,78,121,Manželství (MSgS),Právo (MSgS)
382,193,121,Mínění veřejné (MSgS),Právo (MSgS)
383,200,121,Základna a nadstavba (MSgS),Právo (MSgS)
384,101,122,Organizace (MSgS),Praxeologie (MSgS)
385,13,123,Buržoazie (MSgS),Prestiž (MSgS)
386,26,123,Distance (MSgS),Prestiž (MSgS)
387,28,123,Ekologie (MSgS),Prestiž (MSgS)
388,49,123,Hodnoty (MSgS),Prestiž (MSgS)
389,110,123,Politika (MSgS),Prestiž (MSgS)
390,116,123,Povolání (MSgS),Prestiž (MSgS)
391,172,123,Status a role (MSgS),Prestiž (MSgS)
392,175,123,Stratifikace sociální (MSgS),Prestiž (MSgS)
393,133,124,Public relations (MSgS),Propaganda (MSgS)
394,17,125,"Činnost, společenská činnost (MSgS)",Prostituce (MSgS)
395,78,125,Manželství (MSgS),Prostituce (MSgS)
396,147,125,Patologie sociální (MSgS),Prostituce (MSgS)
397,22,126,Dělba práce (MSgS),Průmysl (MSgS)
398,77,126,Manažerismus (MSgS),Průmysl (MSgS)
399,119,126,Práce (MSgS),Průmysl (MSgS)
400,126,126,Průmysl (MSgS),Průmysl (MSgS)
401,193,126,Mínění veřejné (MSgS),Průmysl (MSgS)
402,202,126,Zemědělství (MSgS),Průmysl (MSgS)
403,61,127,Kapitalismus (MSgS),Podnik průmyslový (MSgS)
404,191,127,Vedení a řízení (MSgS),Podnik průmyslový (MSgS)
405,15,128,Otázka cikánská (MSgS),Společnost předtřídní (MSgS)
406,31,128,Skupiny etnické (MSgS),Společnost předtřídní (MSgS)
407,170,128,Stát (MSgS),Společnost předtřídní (MSgS)
408,2,130,Agrese (MSgS),Psychoanalýza (MSgS)
409,12,130,Behaviorismus (MSgS),Psychoanalýza (MSgS)
410,124,130,Propaganda (MSgS),Psychoanalýza (MSgS)
411,131,130,Psychodrama a sociodrama (MSgS),Psychoanalýza (MSgS)
412,81,131,Společnost masová a kultura masová (MSgS),Psychodrama a sociodrama (MSgS)
413,163,131,Test sociometrický (MSgS),Psychodrama a sociodrama (MSgS)
414,185,133,Teorie a metody human relations (MSgS),Public relations (MSgS)
415,148,134,Psychologie sociální (MSgS),Rasa a rasové vztahy (MSgS)
416,76,135,Skupina sociální malá (MSgS),Skupina referenční (MSgS)
417,143,135,Skupiny společenské (MSgS),Skupina referenční (MSgS)
418,145,135,Socializace (MSgS),Skupina referenční (MSgS)
419,30,138,Ekonomika (MSgS),Rodina (MSgS)
420,74,138,Skupiny lokální (MSgS),Rodina (MSgS)
421,76,138,Skupina sociální malá (MSgS),Rodina (MSgS)
422,78,138,Manželství (MSgS),Rodina (MSgS)
423,81,138,Společnost masová a kultura masová (MSgS),Rodina (MSgS)
424,84,138,Mládež (MSgS),Rodina (MSgS)
425,90,138,Morálka (MSgS),Rodina (MSgS)
426,119,138,Práce (MSgS),Rodina (MSgS)
427,127,138,Podnik průmyslový (MSgS),Rodina (MSgS)
428,143,138,Skupiny společenské (MSgS),Rodina (MSgS)
429,145,138,Socializace (MSgS),Rodina (MSgS)
430,148,138,Psychologie sociální (MSgS),Rodina (MSgS)
431,155,138,Sociologie americká (MSgS),Rodina (MSgS)
432,156,138,Sociologie britská (MSgS),Rodina (MSgS)
433,164,138,Sociometrie (MSgS),Rodina (MSgS)
434,172,138,Status a role (MSgS),Rodina (MSgS)
435,189,138,Utopie sociální (MSgS),Rodina (MSgS)
436,191,138,Vedení a řízení (MSgS),Rodina (MSgS)
437,196,138,Skupiny sociální věkové (MSgS),Rodina (MSgS)
438,197,138,Čas volný (MSgS),Rodina (MSgS)
439,198,138,Výchova (MSgS),Rodina (MSgS)
440,202,138,Zemědělství (MSgS),Rodina (MSgS)
441,205,138,Žena a její postavení ve společnosti (MSgS),Rodina (MSgS)
442,17,141,"Činnost, společenská činnost (MSgS)",Sebevražda (MSgS)
443,72,141,Sociologie lékařská (MSgS),Sebevražda (MSgS)
444,1,143,Adaptace (MSgS),Skupiny společenské (MSgS)
445,30,143,Ekonomika (MSgS),Skupiny společenské (MSgS)
446,51,143,Ideologie (MSgS),Skupiny společenské (MSgS)
447,90,143,Morálka (MSgS),Skupiny společenské (MSgS)
448,136,143,Regulace sociálních činností (MSgS),Skupiny společenské (MSgS)
449,148,143,Psychologie sociální (MSgS),Skupiny společenské (MSgS)
450,172,143,Status a role (MSgS),Skupiny společenské (MSgS)
451,178,143,Struktura sociální (MSgS),Skupiny společenské (MSgS)
452,193,143,Mínění veřejné (MSgS),Skupiny společenské (MSgS)
453,196,143,Skupiny sociální věkové (MSgS),Skupiny společenské (MSgS)
454,201,143,Zaměstnanci (MSgS),Skupiny společenské (MSgS)
455,17,145,"Činnost, společenská činnost (MSgS)",Socializace (MSgS)
456,76,145,Skupina sociální malá (MSgS),Socializace (MSgS)
457,110,145,Politika (MSgS),Socializace (MSgS)
458,143,145,Skupiny společenské (MSgS),Socializace (MSgS)
459,148,145,Psychologie sociální (MSgS),Socializace (MSgS)
460,172,145,Status a role (MSgS),Socializace (MSgS)
461,196,145,Skupiny sociální věkové (MSgS),Socializace (MSgS)
462,81,146,Společnost masová a kultura masová (MSgS),Konsensus sociální (MSgS)
463,141,147,Sebevražda (MSgS),Patologie sociální (MSgS)
464,81,148,Společnost masová a kultura masová (MSgS),Psychologie sociální (MSgS)
465,155,148,Sociologie americká (MSgS),Psychologie sociální (MSgS)
466,156,148,Sociologie britská (MSgS),Psychologie sociální (MSgS)
467,173,148,Stereotyp (MSgS),Psychologie sociální (MSgS)
468,52,149,Imperialismus (MSgS),Revoluce sociální (MSgS)
469,170,149,Stát (MSgS),Revoluce sociální (MSgS)
470,186,149,Třídy a třídní boj (MSgS),Revoluce sociální (MSgS)
471,82,150,"Metody, procedury a techniky (MSgS)",Sociografie (MSgS)
472,38,154,Filosofie dějin (MSgS),Sociologie (MSgS)
473,75,154,Makrosociologie a mikrosociologie (MSgS),Sociologie (MSgS)
474,90,154,Morálka (MSgS),Sociologie (MSgS)
475,127,154,Podnik průmyslový (MSgS),Sociologie (MSgS)
476,145,154,Socializace (MSgS),Sociologie (MSgS)
477,167,154,"Společnost, společenská skutečnost (MSgS)",Sociologie (MSgS)
478,95,155,Sociologie novopozitivistická (MSgS),Sociologie americká (MSgS)
479,100,155,Definice operativní v sociologii (MSgS),Sociologie americká (MSgS)
480,101,155,Organizace (MSgS),Sociologie americká (MSgS)
481,81,161,Společnost masová a kultura masová (MSgS),Sociologie vědění (MSgS)
482,6,162,Antropologie (MSgS),Sociologismus (MSgS)
483,164,163,Sociometrie (MSgS),Test sociometrický (MSgS)
484,75,164,Makrosociologie a mikrosociologie (MSgS),Sociometrie (MSgS)
485,76,164,Skupina sociální malá (MSgS),Sociometrie (MSgS)
486,100,164,Definice operativní v sociologii (MSgS),Sociometrie (MSgS)
487,148,164,Psychologie sociální (MSgS),Sociometrie (MSgS)
488,155,164,Sociologie americká (MSgS),Sociometrie (MSgS)
489,95,165,Sociologie novopozitivistická (MSgS),Sociotechnika (MSgS)
490,100,165,Definice operativní v sociologii (MSgS),Sociotechnika (MSgS)
491,101,165,Organizace (MSgS),Sociotechnika (MSgS)
492,122,165,Praxeologie (MSgS),Sociotechnika (MSgS)
493,150,165,Sociografie (MSgS),Sociotechnika (MSgS)
494,154,165,Sociologie (MSgS),Sociotechnika (MSgS)
495,82,166,"Metody, procedury a techniky (MSgS)",Sondáž (MSgS)
496,199,166,Vzorek reprezentativní (MSgS),Sondáž (MSgS)
497,23,167,Třída dělnická (MSgS),"Společnost, společenská skutečnost (MSgS)"
498,38,167,Filosofie dějin (MSgS),"Společnost, společenská skutečnost (MSgS)"
499,39,167,Formace společenskoekonomická (MSgS),"Společnost, společenská skutečnost (MSgS)"
500,43,167,Funkcionalismus (MSgS),"Společnost, společenská skutečnost (MSgS)"
501,51,167,Ideologie (MSgS),"Společnost, společenská skutečnost (MSgS)"
502,56,167,Instituce (MSgS),"Společnost, společenská skutečnost (MSgS)"
503,58,167,Interakce (MSgS),"Společnost, společenská skutečnost (MSgS)"
504,110,167,Politika (MSgS),"Společnost, společenská skutečnost (MSgS)"
505,178,167,Struktura sociální (MSgS),"Společnost, společenská skutečnost (MSgS)"
506,193,167,Mínění veřejné (MSgS),"Společnost, společenská skutečnost (MSgS)"
507,201,167,Zaměstnanci (MSgS),"Společnost, společenská skutečnost (MSgS)"
508,47,168,Metoda historická (MSgS),Spolehlivost (MSgS)
509,82,168,"Metody, procedury a techniky (MSgS)",Spolehlivost (MSgS)
510,169,169,Sport (MSgS),Sport (MSgS)
511,14,170,Byrokracie (MSgS),Stát (MSgS)
512,18,170,Dav (MSgS),Stát (MSgS)
513,25,170,Diktatura (MSgS),Stát (MSgS)
514,52,170,Imperialismus (MSgS),Stát (MSgS)
515,121,170,Právo (MSgS),Stát (MSgS)
516,200,170,Základna a nadstavba (MSgS),Stát (MSgS)
517,63,171,Analýza kauzální (MSgS),Statistika (MSgS)
518,82,171,"Metody, procedury a techniky (MSgS)",Statistika (MSgS)
519,166,171,Sondáž (MSgS),Statistika (MSgS)
520,171,171,Statistika (MSgS),Statistika (MSgS)
521,199,171,Vzorek reprezentativní (MSgS),Statistika (MSgS)
522,9,172,Aspirace (MSgS),Status a role (MSgS)
523,24,172,Diferenciace a integrace (MSgS),Status a role (MSgS)
524,46,172,Gerontologie (MSgS),Status a role (MSgS)
525,84,172,Mládež (MSgS),Status a role (MSgS)
526,85,172,Mobilita sociální (MSgS),Status a role (MSgS)
527,90,172,Morálka (MSgS),Status a role (MSgS)
528,91,172,Motivace (MSgS),Status a role (MSgS)
529,120,172,Skupina pracovní (MSgS),Status a role (MSgS)
530,148,172,Psychologie sociální (MSgS),Status a role (MSgS)
531,124,173,Propaganda (MSgS),Stereotyp (MSgS)
532,9,175,Aspirace (MSgS),Stratifikace sociální (MSgS)
533,178,175,Struktura sociální (MSgS),Stratifikace sociální (MSgS)
534,186,175,Třídy a třídní boj (MSgS),Stratifikace sociální (MSgS)
535,22,177,Dělba práce (MSgS),Struktura (MSgS)
536,23,177,Třída dělnická (MSgS),Struktura (MSgS)
537,43,177,Funkcionalismus (MSgS),Struktura (MSgS)
538,56,177,Instituce (MSgS),Struktura (MSgS)
539,115,177,Potřeby a zájmy (MSgS),Struktura (MSgS)
540,119,177,Práce (MSgS),Struktura (MSgS)
541,120,177,Skupina pracovní (MSgS),Struktura (MSgS)
542,156,177,Sociologie britská (MSgS),Struktura (MSgS)
543,22,178,Dělba práce (MSgS),Struktura sociální (MSgS)
544,24,178,Diferenciace a integrace (MSgS),Struktura sociální (MSgS)
545,41,178,Vztahy skupinové formální a neformální (MSgS),Struktura sociální (MSgS)
546,61,178,Kapitalismus (MSgS),Struktura sociální (MSgS)
547,64,178,Komunismus (MSgS),Struktura sociální (MSgS)
548,23,179,Třída dělnická (MSgS),Třídy střední (MSgS)
549,186,179,Třídy a třídní boj (MSgS),Třídy střední (MSgS)
550,201,179,Zaměstnanci (MSgS),Třídy střední (MSgS)
551,113,180,Populace (MSgS),Obyvatelstvo světové (MSgS)
552,100,181,Definice operativní v sociologii (MSgS),Škály a škálování (MSgS)
553,196,182,Skupiny sociální věkové (MSgS),Školství (MSgS)
554,22,183,Dělba práce (MSgS),Technika (MSgS)
555,30,183,Ekonomika (MSgS),Technika (MSgS)
556,52,183,Imperialismus (MSgS),Technika (MSgS)
557,119,183,Práce (MSgS),Technika (MSgS)
558,126,183,Průmysl (MSgS),Technika (MSgS)
559,184,183,Technokratismus (MSgS),Technika (MSgS)
560,197,183,Čas volný (MSgS),Technika (MSgS)
561,126,185,Průmysl (MSgS),Teorie a metody human relations (MSgS)
562,127,185,Podnik průmyslový (MSgS),Teorie a metody human relations (MSgS)
563,191,185,Vedení a řízení (MSgS),Teorie a metody human relations (MSgS)
564,5,186,Antagonismus (MSgS),Třídy a třídní boj (MSgS)
565,13,186,Buržoazie (MSgS),Třídy a třídní boj (MSgS)
566,22,186,Dělba práce (MSgS),Třídy a třídní boj (MSgS)
567,25,186,Diktatura (MSgS),Třídy a třídní boj (MSgS)
568,39,186,Formace společenskoekonomická (MSgS),Třídy a třídní boj (MSgS)
569,51,186,Ideologie (MSgS),Třídy a třídní boj (MSgS)
570,73,186,Lid (MSgS),Třídy a třídní boj (MSgS)
571,109,186,Strany politické (MSgS),Třídy a třídní boj (MSgS)
572,110,186,Politika (MSgS),Třídy a třídní boj (MSgS)
573,126,186,Průmysl (MSgS),Třídy a třídní boj (MSgS)
574,143,186,Skupiny společenské (MSgS),Třídy a třídní boj (MSgS)
575,170,186,Stát (MSgS),Třídy a třídní boj (MSgS)
576,178,186,Struktura sociální (MSgS),Třídy a třídní boj (MSgS)
577,193,186,Mínění veřejné (MSgS),Třídy a třídní boj (MSgS)
578,82,187,"Metody, procedury a techniky (MSgS)",Typ a typologie v sociologii (MSgS)
579,143,188,Skupiny společenské (MSgS),Urbanizace (MSgS)
580,192,188,Venkov (MSgS),Urbanizace (MSgS)
581,2,190,Agrese (MSgS),Válka (MSgS)
582,7,190,Armáda (MSgS),Válka (MSgS)
583,21,190,Determinismus společenský (MSgS),Válka (MSgS)
584,52,190,Imperialismus (MSgS),Válka (MSgS)
585,110,191,Politika (MSgS),Vedení a řízení (MSgS)
586,195,191,Revoluce vědeckotechnická (MSgS),Vedení a řízení (MSgS)
587,90,192,Morálka (MSgS),Venkov (MSgS)
588,139,192,Rolnictvo (MSgS),Venkov (MSgS)
589,155,192,Sociologie americká (MSgS),Venkov (MSgS)
590,201,192,Zaměstnanci (MSgS),Venkov (MSgS)
591,202,192,Zemědělství (MSgS),Venkov (MSgS)
592,110,193,Politika (MSgS),Mínění veřejné (MSgS)
593,124,193,Propaganda (MSgS),Mínění veřejné (MSgS)
594,133,193,Public relations (MSgS),Mínění veřejné (MSgS)
595,161,194,Sociologie vědění (MSgS),Věda (MSgS)
596,10,195,Automatizace (MSgS),Revoluce vědeckotechnická (MSgS)
597,23,195,Třída dělnická (MSgS),Revoluce vědeckotechnická (MSgS)
598,38,195,Filosofie dějin (MSgS),Revoluce vědeckotechnická (MSgS)
599,52,195,Imperialismus (MSgS),Revoluce vědeckotechnická (MSgS)
600,53,195,Společnost industriální (MSgS),Revoluce vědeckotechnická (MSgS)
601,61,195,Kapitalismus (MSgS),Revoluce vědeckotechnická (MSgS)
602,64,195,Komunismus (MSgS),Revoluce vědeckotechnická (MSgS)
603,69,195,Revoluce kulturní (MSgS),Revoluce vědeckotechnická (MSgS)
604,126,195,Průmysl (MSgS),Revoluce vědeckotechnická (MSgS)
605,154,195,Sociologie (MSgS),Revoluce vědeckotechnická (MSgS)
606,155,195,Sociologie americká (MSgS),Revoluce vědeckotechnická (MSgS)
607,185,195,Teorie a metody human relations (MSgS),Revoluce vědeckotechnická (MSgS)
608,205,195,Žena a její postavení ve společnosti (MSgS),Revoluce vědeckotechnická (MSgS)
609,196,196,Skupiny sociální věkové (MSgS),Skupiny sociální věkové (MSgS)
610,81,197,Společnost masová a kultura masová (MSgS),Čas volný (MSgS)
611,126,197,Průmysl (MSgS),Čas volný (MSgS)
612,169,197,Sport (MSgS),Čas volný (MSgS)
613,179,197,Třídy střední (MSgS),Čas volný (MSgS)
614,30,198,Ekonomika (MSgS),Výchova (MSgS)
615,121,198,Právo (MSgS),Výchova (MSgS)
616,4,199,Anketa (MSgS),Vzorek reprezentativní (MSgS)
617,30,200,Ekonomika (MSgS),Základna a nadstavba (MSgS)
618,119,200,Práce (MSgS),Základna a nadstavba (MSgS)
619,23,201,Třída dělnická (MSgS),Zaměstnanci (MSgS)
620,61,201,Kapitalismus (MSgS),Zaměstnanci (MSgS)
621,73,201,Lid (MSgS),Zaměstnanci (MSgS)
622,30,202,Ekonomika (MSgS),Zemědělství (MSgS)
623,119,202,Práce (MSgS),Zemědělství (MSgS)
624,71,203,Kybernetika a sociologie (MSgS),Znak (MSgS)
625,174,203,Strategie sociologického výzkumu (MSgS),Znak (MSgS)
626,64,206,Komunismus (MSgS),Styl životní (MSgS)
627,201,206,Zaměstnanci (MSgS),Styl životní (MSgS)
628,207,206,Úroveň životní (MSgS),Styl životní (MSgS)
629,201,207,Zaměstnanci (MSgS),Úroveň životní (MSgS)
