ID,SociologoveID1,VelkySgSID2,Sociologove,VelkySgS
1,1,2128,Adamec Čeněk,Sociologie česká v l. 1948–1994
2,1,2229,Adamec Čeněk,Sociologie tělesné kultury
3,1,2791,Adamec Čeněk,Výzkum veřejného mínění
4,2,413,Alan Josef,Dospělost
5,2,987,Alan Josef,Každodennost
6,2,1321,Alan Josef,Mládí
7,2,1535,Alan Josef,Otázka ženská
8,2,1644,Alan Josef,Politika rodinná
9,2,2121,Alan Josef,Sociologie biografická
10,2,2128,Alan Josef,Sociologie česká v l. 1948–1994
11,2,2152,Alan Josef,Sociologie interpretativní
12,2,2175,Alan Josef,Sociologie marxisticko-leninská
13,2,2211,Alan Josef,Sociologie rodiny
14,2,2219,Alan Josef,Sociologie slovenská
15,2,2248,Alan Josef,Sociologie vědy
16,2,2251,Alan Josef,Sociologie výchovy
17,2,2403,Alan Josef,Stupnice kvalifikační
18,2,2758,Alan Josef,Výchova
19,3,2234,Árnason Johann Pál,Sociologie v Austrálii
20,5,30,Beneš Edvard,Alkoholismus
21,5,629,Beneš Edvard,Filozofie praxe
22,5,739,Beneš Edvard,Hnutí abstinentské
23,5,1161,Beneš Edvard,Laboretismus
24,5,2226,Beneš Edvard,Sociologie stranictví
25,5,2261,Beneš Edvard,Sokol
26,5,2836,Beneš Edvard,Zednářství
27,6,18,Bláha Inocenc Arnošt,Agregát sociální
28,6,378,Bláha Inocenc Arnošt,Diferenciace sociologie
29,6,442,Bláha Inocenc Arnošt,Dynamika sociální
30,6,531,Bláha Inocenc Arnošt,Etika
31,6,560,Bláha Inocenc Arnošt,Etokracie
32,6,897,Bláha Inocenc Arnošt,Inteligence
33,6,900,Bláha Inocenc Arnošt,Interakce sociální
34,6,980,Bláha Inocenc Arnošt,Kategorie sociální
35,6,1182,Bláha Inocenc Arnošt,Lid
36,6,1364,Bláha Inocenc Arnošt,Náboženství
37,6,1870,Bláha Inocenc Arnošt,Půda
38,6,1955,Bláha Inocenc Arnošt,Rolnictvo
39,6,2016,Bláha Inocenc Arnošt,Sedlák
40,6,2127,Bláha Inocenc Arnošt,Sociologie česká do r. 1948
41,6,2130,Bláha Inocenc Arnošt,Sociologie deviantního chování
42,6,2179,Bláha Inocenc Arnošt,Sociologie města
43,6,2183,Bláha Inocenc Arnošt,Sociologie módy
44,6,2199,Bláha Inocenc Arnošt,Sociologie povolání
45,6,2211,Bláha Inocenc Arnošt,Sociologie rodiny
46,6,2219,Bláha Inocenc Arnošt,Sociologie slovenská
47,6,2222,Bláha Inocenc Arnošt,Sociologie sportu
48,6,2243,Bláha Inocenc Arnošt,Sociologie války
49,6,2244,Bláha Inocenc Arnošt,Sociologie venkova
50,6,2245,Bláha Inocenc Arnošt,Sociologie veřejného mínění
51,6,2248,Bláha Inocenc Arnošt,Sociologie vědy
52,6,2249,Bláha Inocenc Arnošt,Sociologie vojenství
53,6,2250,Bláha Inocenc Arnošt,Sociologie volného času
54,6,2251,Bláha Inocenc Arnošt,Sociologie výchovy
55,6,2253,Bláha Inocenc Arnošt,Sociologie vzdělání
56,6,2354,Bláha Inocenc Arnošt,Statika sociální
57,6,2402,Bláha Inocenc Arnošt,Studie komunitní
58,6,2643,Bláha Inocenc Arnošt,Umělec
59,6,2714,Bláha Inocenc Arnošt,Vesnice
60,8,322,Boháč Antonín,Demografie
61,8,1665,Boháč Antonín,Populacionistika
62,8,1832,Boháč Antonín,Příslušnost etnická
63,8,2179,Boháč Antonín,Sociologie města
64,8,2540,Boháč Antonín,Teorie populační
65,8,2774,Boháč Antonín,Výzkum demografický
66,9,616,Bolzano Bernard,Feminismus český
67,9,632,Bolzano Bernard,Filozofie vědy
68,9,984,Bolzano Bernard,Katolicismus sociální
69,9,2251,Bolzano Bernard,Sociologie výchovy
70,10,2197,Brokl Lubomír,Sociologie politiky
71,11,2127,Butter Oskar,Sociologie česká do r. 1948
72,13,444,Čapek Karel,Dystopie
73,13,1266,Čapek Karel,Metoda autobiografická
74,13,1728,Čapek Karel,Pražský lingvistický kroužek
75,13,1947,Čapek Karel,Robotizace
76,15,2244,Čep Tomáš,Sociologie venkova
77,16,2249,Dědek František,Sociologie vojenství
78,17,2128,Disman Miroslav,Sociologie česká v l. 1948–1994
79,18,2128,Dubská Irena,Sociologie česká v l. 1948–1994
80,18,2248,Dubská Irena,Sociologie vědy
81,18,2869,Dubská Irena,Ženy v sociologii
82,19,733,Durdík Josef,Historiografie
83,20,2127,Dušek Jan,Sociologie česká do r. 1948
84,21,322,Fajfr František,Demografie
85,22,2128,Filipcová Blanka,Sociologie česká v l. 1948–1994
86,22,2250,Filipcová Blanka,Sociologie volného času
87,22,2869,Filipcová Blanka,Ženy v sociologii
88,23,2128,Filipec Jindřich,Sociologie česká v l. 1948–1994
89,24,560,Fischer Josef Ludvík,Etokracie
90,24,1085,Fischer Josef Ludvík,Konsensus
91,24,1633,Fischer Josef Ludvík,Politika
92,24,2127,Fischer Josef Ludvík,Sociologie česká do r. 1948
93,24,2128,Fischer Josef Ludvík,Sociologie česká v l. 1948–1994
94,24,2861,Fischer Josef Ludvík,Zrání sociální
95,25,2128,Foret Miroslav,Sociologie česká v l. 1948–1994
96,25,2638,Foret Miroslav,Ukazatel sociální
97,27,30,Foustka Břetislav,Alkoholismus
98,27,739,Foustka Břetislav,Hnutí abstinentské
99,27,2127,Foustka Břetislav,Sociologie česká do r. 1948
100,27,2179,Foustka Břetislav,Sociologie města
101,27,2354,Foustka Břetislav,Statika sociální
102,28,1767,Frič Pavol,Prognóza explorativní
103,30,2176,Gabal Ivan,Sociologie masové kultury
104,30,2722,Gabal Ivan,Vkus
105,31,2128,Gaďourek Ivan,Sociologie česká v l. 1948–1994
106,31,2188,Gaďourek Ivan,Sociologie nizozemská
107,32,541,Gál Fedor,Etika vědy
108,32,1767,Gál Fedor,Prognóza explorativní
109,32,2219,Gál Fedor,Sociologie slovenská
110,33,2127,Galla Karel,Sociologie česká do r. 1948
111,33,2130,Galla Karel,Sociologie deviantního chování
112,33,2244,Galla Karel,Sociologie venkova
113,33,2253,Galla Karel,Sociologie vzdělání
114,33,2402,Galla Karel,Studie komunitní
115,33,2849,Galla Karel,Změna sociální
116,34,2128,Geist Bohumil,Sociologie česká v l. 1948–1994
117,35,2122,Gellner Ernest (Arnošt),Sociologie britská
118,36,2253,Hájek František,Sociologie vzdělání
119,37,2244,Hájek Mojmír,Sociologie venkova
120,38,322,Hampl Martin,Demografie
121,38,725,Hampl Martin,Hierarchie reality
122,38,2654,Hampl Martin,Urbanizace
123,40,2128,Havelka Miloš,Sociologie česká v l. 1948–1994
124,41,1329,Hirner Alexander,Model
125,41,2219,Hirner Alexander,Sociologie slovenská
126,45,2407,Huláková Marie,Styl životní
127,46,270,Chalupný Emanuel,Činnost
128,46,412,Chalupný Emanuel,Dopolavoro
129,46,442,Chalupný Emanuel,Dynamika sociální
130,46,803,Chalupný Emanuel,Charakter národní
131,46,1368,Chalupný Emanuel,Náboženství pozitivistické
132,46,1633,Chalupný Emanuel,Politika
133,46,1797,Chalupný Emanuel,Prostor sociální
134,46,1870,Chalupný Emanuel,Půda
135,46,2127,Chalupný Emanuel,Sociologie česká do r. 1948
136,46,2149,Chalupný Emanuel,Sociologie husitství
137,46,2174,Chalupný Emanuel,Sociologie marxistická
138,46,2183,Chalupný Emanuel,Sociologie módy
139,46,2219,Chalupný Emanuel,Sociologie slovenská
140,46,2222,Chalupný Emanuel,Sociologie sportu
141,46,2243,Chalupný Emanuel,Sociologie války
142,46,2244,Chalupný Emanuel,Sociologie venkova
143,46,2251,Chalupný Emanuel,Sociologie výchovy
144,46,2261,Chalupný Emanuel,Sokol
145,46,2286,Chalupný Emanuel,Společnost
146,46,2354,Chalupný Emanuel,Statika sociální
147,46,2557,Chalupný Emanuel,Teorie vývoje cyklické
148,46,2758,Chalupný Emanuel,Výchova
149,46,2869,Chalupný Emanuel,Ženy v sociologii
150,47,2128,Charvát František,Sociologie česká v l. 1948–1994
151,48,1978,Illner Michal,Rurbanizace
152,48,2128,Illner Michal,Sociologie česká v l. 1948–1994
153,48,2179,Illner Michal,Sociologie města
154,48,2638,Illner Michal,Ukazatel sociální
155,49,465,Jeřábek Hynek,Ekologie sociální
156,49,1257,Jeřábek Hynek,Měření
157,50,2128,Jodl Miroslav,Sociologie česká v l. 1948–1994
158,51,2128,Jochmann Vladimír,Sociologie česká v l. 1948–1994
159,52,1733,Jungmann Bohumil,Prestiž
160,52,2128,Jungmann Bohumil,Sociologie česká v l. 1948–1994
161,53,2178,Kabele Jiří,Sociologie medicíny
162,53,2197,Kabele Jiří,Sociologie politiky
163,53,2548,Kabele Jiří,Teorie sociálních sítí
164,54,2127,Kadlec Vladimír,Sociologie česká do r. 1948
165,55,2128,Kadlecová Erika,Sociologie česká v l. 1948–1994
166,55,2185,Kadlecová Erika,Sociologie náboženství
167,56,1526,Kaizl Josef,Otázka česká
168,57,2128,Kaláb Miloš,Sociologie česká v l. 1948–1994
169,60,1733,Kapr Jaroslav,Prestiž
170,60,2178,Kapr Jaroslav,Sociologie medicíny
171,60,2248,Kapr Jaroslav,Sociologie vědy
172,61,323,Kárníková Ludmila,Demografie historická
173,62,655,Keller Jan,Funkce latentní
174,62,768,Keller Jan,Homo sociologicus
175,62,1132,Keller Jan,Krize rodiny
176,62,1951,Keller Jan,Rodina
177,62,2128,Keller Jan,Sociologie česká v l. 1948–1994
178,64,648,Klácel František Matouš,Fourierismus
179,65,659,Klofáč Jaroslav,Funkcionalismus strukturální
180,65,2128,Klofáč Jaroslav,Sociologie česká v l. 1948–1994
181,67,2128,Kohout Jaroslav,Sociologie česká v l. 1948–1994
182,67,2136,Kohout Jaroslav,Sociologie ekonomická
183,67,2196,Kohout Jaroslav,Sociologie podniku
184,68,265,Kolaja Jiří Tomáš,Čas sociální
185,68,2128,Kolaja Jiří Tomáš,Sociologie česká v l. 1948–1994
186,68,2233,Kolaja Jiří Tomáš,Sociologie umění
187,69,322,Korčák Jaromír,Demografie
188,69,725,Korčák Jaromír,Hierarchie reality
189,72,378,Král Josef,Diferenciace sociologie
190,72,1177,Král Josef,Leviathan
191,72,2127,Král Josef,Sociologie česká do r. 1948
192,72,2128,Král Josef,Sociologie česká v l. 1948–1994
193,72,2219,Král Josef,Sociologie slovenská
194,72,2249,Král Josef,Sociologie vojenství
195,72,2414,Král Josef,Suburbanizace
196,73,2127,Krejčí František,Sociologie česká do r. 1948
197,73,2759,Krejčí František,Výchova občanská
198,74,253,Krejčí Jaroslav,Civilizace
199,74,1931,Krejčí Jaroslav,Revoluce
200,74,2128,Krejčí Jaroslav,Sociologie česká v l. 1948–1994
201,74,2149,Krejčí Jaroslav,Sociologie husitství
202,76,413,Kučera Milan,Dospělost
203,76,1321,Kučera Milan,Mládí
204,77,2127,Kunte Ladislav,Sociologie česká do r. 1948
205,78,1753,Lamser Václav,Procedura výzkumná
206,78,2128,Lamser Václav,Sociologie česká v l. 1948–1994
207,78,2248,Lamser Václav,Sociologie vědy
208,78,2254,Lamser Václav,Sociologie zemědělství
209,79,1165,Librová Hana,Láska
210,79,1870,Librová Hana,Půda
211,80,1579,Lindner Gustav Adolf,Pedagogika sociální
212,80,2127,Lindner Gustav Adolf,Sociologie česká do r. 1948
213,80,2251,Lindner Gustav Adolf,Sociologie výchovy
214,81,2128,Linhart Jiří,Sociologie česká v l. 1948–1994
215,81,2222,Linhart Jiří,Sociologie sportu
216,81,2250,Linhart Jiří,Sociologie volného času
217,81,2407,Linhart Jiří,Styl životní
218,82,1645,Macek Josef,Politika sociální
219,82,2244,Macek Josef,Sociologie venkova
220,84,396,Machonin Pavel,Distance sociální
221,84,505,Machonin Pavel,Empiricismus abstraktní
222,84,883,Machonin Pavel,Inkonzistence statusu
223,84,1030,Machonin Pavel,Kolektiv
224,84,1733,Machonin Pavel,Prestiž
225,84,2128,Machonin Pavel,Sociologie česká v l. 1948–1994
226,84,2175,Machonin Pavel,Sociologie marxisticko-leninská
227,84,2199,Machonin Pavel,Sociologie povolání
228,84,2219,Machonin Pavel,Sociologie slovenská
229,84,2385,Machonin Pavel,Stratifikace sociální
230,85,1161,Machotka Otakar,Laboretismus
231,85,2090,Machotka Otakar,Socialismus český
232,85,2179,Machotka Otakar,Sociologie města
233,85,2211,Machotka Otakar,Sociologie rodiny
234,85,2219,Machotka Otakar,Sociologie slovenská
235,85,2245,Machotka Otakar,Sociologie veřejného mínění
236,85,2774,Machotka Otakar,Výzkum demografický
237,91,12,Masaryk Tomáš Garrigue,Aféra
238,91,30,Masaryk Tomáš Garrigue,Alkoholismus
239,91,442,Masaryk Tomáš Garrigue,Dynamika sociální
240,91,455,Masaryk Tomáš Garrigue,Egoismus rozumný
241,91,501,Masaryk Tomáš Garrigue,Emoce
242,91,560,Masaryk Tomáš Garrigue,Etokracie
243,91,620,Masaryk Tomáš Garrigue,Fenomenologie
244,91,632,Masaryk Tomáš Garrigue,Filozofie vědy
245,91,733,Masaryk Tomáš Garrigue,Historiografie
246,91,734,Masaryk Tomáš Garrigue,Historiozofie
247,91,739,Masaryk Tomáš Garrigue,Hnutí abstinentské
248,91,1176,Masaryk Tomáš Garrigue,Leninismus
249,91,1180,Masaryk Tomáš Garrigue,Liberalismus
250,91,1230,Masaryk Tomáš Garrigue,Masarykismus
251,91,1364,Masaryk Tomáš Garrigue,Náboženství
252,91,1438,Masaryk Tomáš Garrigue,Občina
253,91,1526,Masaryk Tomáš Garrigue,Otázka česká
254,91,1533,Masaryk Tomáš Garrigue,Otázka sociální
255,91,1797,Masaryk Tomáš Garrigue,Prostor sociální
256,91,1934,Masaryk Tomáš Garrigue,Revoluce hlav a srdcí
257,91,1961,Masaryk Tomáš Garrigue,Rotariánství
258,91,2014,Masaryk Tomáš Garrigue,Sebevražda
259,91,2084,Masaryk Tomáš Garrigue,Smysl dějin
260,91,2090,Masaryk Tomáš Garrigue,Socialismus český
261,91,2112,Masaryk Tomáš Garrigue,Sociologie
262,91,2117,Masaryk Tomáš Garrigue,Sociologie americká
263,91,2127,Masaryk Tomáš Garrigue,Sociologie česká do r. 1948
264,91,2130,Masaryk Tomáš Garrigue,Sociologie deviantního chování
265,91,2149,Masaryk Tomáš Garrigue,Sociologie husitství
266,91,2171,Masaryk Tomáš Garrigue,Sociologie literatury
267,91,2191,Masaryk Tomáš Garrigue,Sociologie obecná
268,91,2200,Masaryk Tomáš Garrigue,Sociologie pozitivistická
269,91,2211,Masaryk Tomáš Garrigue,Sociologie rodiny
270,91,2219,Masaryk Tomáš Garrigue,Sociologie slovenská
271,91,2261,Masaryk Tomáš Garrigue,Sokol
272,91,2354,Masaryk Tomáš Garrigue,Statika sociální
273,91,2643,Masaryk Tomáš Garrigue,Umělec
274,91,2644,Masaryk Tomáš Garrigue,Umění
275,91,2795,Masaryk Tomáš Garrigue,Vzdělávání politické
276,92,2869,Masaryková Alice,Ženy v sociologii
277,93,465,Matějů Petr,Ekologie sociální
278,93,2128,Matějů Petr,Sociologie česká v l. 1948–1994
279,93,2179,Matějů Petr,Sociologie města
280,93,2385,Matějů Petr,Stratifikace sociální
281,94,255,Mertl Jan,Coil system
282,94,1161,Mertl Jan,Laboretismus
283,94,1177,Mertl Jan,Leviathan
284,94,2867,Mertl Jan,„železný zákon oligarchie“
285,96,2090,Modráček František,Socialismus český
286,96,2091,Modráček František,Socialismus družstevní
287,96,2244,Modráček František,Sociologie venkova
288,97,32,Možný Ivo,Altruismus
289,97,413,Možný Ivo,Dospělost
290,97,446,Možný Ivo,Efekt bumerangový
291,97,987,Možný Ivo,Každodennost
292,97,1535,Možný Ivo,Otázka ženská
293,97,2128,Možný Ivo,Sociologie česká v l. 1948–1994
294,97,2211,Možný Ivo,Sociologie rodiny
295,97,2219,Možný Ivo,Sociologie slovenská
296,98,465,Musil Jiří,Ekologie sociální
297,98,1525,Musil Jiří,Otázka bytová
298,98,1797,Musil Jiří,Prostor sociální
299,98,2128,Musil Jiří,Sociologie česká v l. 1948–1994
300,98,2179,Musil Jiří,Sociologie města
301,99,2117,Nehněvajsa Jiří,Sociologie americká
302,99,2128,Nehněvajsa Jiří,Sociologie česká v l. 1948–1994
303,99,2237,Nehněvajsa Jiří,Sociologie v Hongkongu
304,99,2256,Nehněvajsa Jiří,Sociometrie
305,100,1172,Nejedlý Zdeněk,LeF
306,100,1230,Nejedlý Zdeněk,Masarykismus
307,100,1526,Nejedlý Zdeněk,Otázka česká
308,100,2147,Nejedlý Zdeněk,Sociologie hudby
309,100,2149,Nejedlý Zdeněk,Sociologie husitství
310,100,2759,Nejedlý Zdeněk,Výchova občanská
311,102,987,Nový Lubomír,Každodennost
312,102,1230,Nový Lubomír,Masarykismus
313,102,1526,Nový Lubomír,Otázka česká
314,102,2121,Nový Lubomír,Sociologie biografická
315,103,1733,Obrdlík Antonín,Prestiž
316,103,2127,Obrdlík Antonín,Sociologie česká do r. 1948
317,103,2199,Obrdlík Antonín,Sociologie povolání
318,104,1099,Obrdlíková Juliana,Konvence společenská
319,104,2127,Obrdlíková Juliana,Sociologie česká do r. 1948
320,104,2869,Obrdlíková Juliana,Ženy v sociologii
321,106,322,Pavlík Zdeněk,Demografie
322,106,1933,Pavlík Zdeněk,Revoluce demografická
323,107,1961,Peroutka Ferdinand,Rotariánství
324,108,270,Petrusek Miloslav,Činnost
325,108,541,Petrusek Miloslav,Etika vědy
326,108,582,Petrusek Miloslav,Exkluze sociální
327,108,611,Petrusek Miloslav,Fatalismus kulturní
328,108,646,Petrusek Miloslav,„formální organizace a neformální struktura“
329,108,987,Petrusek Miloslav,Každodennost
330,108,1605,Petrusek Miloslav,Pluralismus teoretický
331,108,1737,Petrusek Miloslav,Princip komplementarity
332,108,2067,Petrusek Miloslav,Skupina společenská
333,108,2116,Petrusek Miloslav,Sociologie alternativní
334,108,2128,Petrusek Miloslav,Sociologie česká v l. 1948–1994
335,108,2152,Petrusek Miloslav,Sociologie interpretativní
336,108,2173,Petrusek Miloslav,Sociologie malých skupin
337,108,2175,Petrusek Miloslav,Sociologie marxisticko-leninská
338,108,2219,Petrusek Miloslav,Sociologie slovenská
339,108,2248,Petrusek Miloslav,Sociologie vědy
340,108,2256,Petrusek Miloslav,Sociometrie
341,109,1961,Pistorius Theodor,Rotariánství
342,111,1684,Potůček Martin,Potenciál lidský
343,111,2128,Potůček Martin,Sociologie česká v l. 1948–1994
344,111,2178,Potůček Martin,Sociologie medicíny
345,111,2229,Potůček Martin,Sociologie tělesné kultury
346,113,984,Procházka Matěj,Katolicismus sociální
347,115,897,Rádl Emanuel,Inteligence
348,115,2084,Rádl Emanuel,Smysl dějin
349,115,2127,Rádl Emanuel,Sociologie česká do r. 1948
350,115,2211,Rádl Emanuel,Sociologie rodiny
351,117,2860,Reich Edvard,Způsob života konzumní
352,119,905,Richta Radovan,Interdisciplinarita
353,119,1230,Richta Radovan,Masarykismus
354,119,1941,Richta Radovan,Revoluce vědeckotechnická
355,119,2488,Richta Radovan,Technika
356,123,2128,Řehák Jan,Sociologie česká v l. 1948–1994
357,123,2850,Řehák Jan,Znak
358,124,2128,Sedláček Jan,Sociologie česká v l. 1948–1994
359,130,646,Slejška Dragoslav,„formální organizace a neformální struktura“
360,130,1030,Slejška Dragoslav,Kolektiv
361,130,2128,Slejška Dragoslav,Sociologie česká v l. 1948–1994
362,130,2173,Slejška Dragoslav,Sociologie malých skupin
363,130,2196,Slejška Dragoslav,Sociologie podniku
364,130,2256,Slejška Dragoslav,Sociometrie
365,130,2778,Slejška Dragoslav,Výzkum hodnot
366,132,2128,Solař Josef,Sociologie česká v l. 1948–1994
367,134,202,Sorokin Pitirim Alexandrovič,Biologismus
368,134,253,Sorokin Pitirim Alexandrovič,Civilizace
369,134,265,Sorokin Pitirim Alexandrovič,Čas sociální
370,134,505,Sorokin Pitirim Alexandrovič,Empiricismus abstraktní
371,134,600,Sorokin Pitirim Alexandrovič,Fakt sociální
372,134,733,Sorokin Pitirim Alexandrovič,Historiografie
373,134,803,Sorokin Pitirim Alexandrovič,Charakter národní
374,134,900,Sorokin Pitirim Alexandrovič,Interakce sociální
375,134,902,Sorokin Pitirim Alexandrovič,Interakcionismus
376,134,903,Sorokin Pitirim Alexandrovič,Interakcionismus symbolický
377,134,986,Sorokin Pitirim Alexandrovič,Kauzalita sociální
378,134,1015,Sorokin Pitirim Alexandrovič,Koeficient humanistický
379,134,1156,Sorokin Pitirim Alexandrovič,Kulturologie
380,134,1210,Sorokin Pitirim Alexandrovič,Makrosociologie a mikrosociologie
381,134,1213,Sorokin Pitirim Alexandrovič,Malthuziánství
382,134,1325,Sorokin Pitirim Alexandrovič,Mobilita sociální
383,134,1587,Sorokin Pitirim Alexandrovič,Periodizace dějin
384,134,1771,Sorokin Pitirim Alexandrovič,Prognóza sociální
385,134,1797,Sorokin Pitirim Alexandrovič,Prostor sociální
386,134,1892,Sorokin Pitirim Alexandrovič,Redukcionismus
387,134,1972,Sorokin Pitirim Alexandrovič,Rozpočet časový
388,134,2059,Sorokin Pitirim Alexandrovič,Skupina malá
389,134,2112,Sorokin Pitirim Alexandrovič,Sociologie
390,134,2117,Sorokin Pitirim Alexandrovič,Sociologie americká
391,134,2153,Sorokin Pitirim Alexandrovič,Sociologie italská
392,134,2166,Sorokin Pitirim Alexandrovič,Sociologie kultury
393,134,2173,Sorokin Pitirim Alexandrovič,Sociologie malých skupin
394,134,2199,Sorokin Pitirim Alexandrovič,Sociologie povolání
395,134,2214,Sorokin Pitirim Alexandrovič,Sociologie ruská a v Sovětském svazu
396,134,2231,Sorokin Pitirim Alexandrovič,Sociologie teoretická
397,134,2233,Sorokin Pitirim Alexandrovič,Sociologie umění
398,134,2239,Sorokin Pitirim Alexandrovič,Sociologie v Kolumbii
399,134,2244,Sorokin Pitirim Alexandrovič,Sociologie venkova
400,134,2247,Sorokin Pitirim Alexandrovič,Sociologie vědění
401,134,2249,Sorokin Pitirim Alexandrovič,Sociologie vojenství
402,134,2252,Sorokin Pitirim Alexandrovič,Sociologie výtvarného umění
403,134,2529,Sorokin Pitirim Alexandrovič,Teorie konvergence
404,134,2538,Sorokin Pitirim Alexandrovič,Teorie pohyblivé hranice
405,134,2549,Sorokin Pitirim Alexandrovič,Teorie sociologická
406,134,2557,Sorokin Pitirim Alexandrovič,Teorie vývoje cyklické
407,134,2598,Sorokin Pitirim Alexandrovič,Trend mnohonásobný
408,134,2628,Sorokin Pitirim Alexandrovič,Typologie společností
409,134,2656,Sorokin Pitirim Alexandrovič,Úroveň kulturní
410,134,2671,Sorokin Pitirim Alexandrovič,Válka
411,134,2711,Sorokin Pitirim Alexandrovič,Venkov
412,134,2797,Sorokin Pitirim Alexandrovič,Vzor kulturní
413,134,2849,Sorokin Pitirim Alexandrovič,Změna sociální
414,135,322,Srb Vladimír,Demografie
415,135,413,Srb Vladimír,Dospělost
416,135,1321,Srb Vladimír,Mládí
417,136,2247,Stark Werner,Sociologie vědění
418,137,270,Strmiska Zdeněk,Činnost
419,137,659,Strmiska Zdeněk,Funkcionalismus strukturální
420,137,2067,Strmiska Zdeněk,Skupina společenská
421,137,2112,Strmiska Zdeněk,Sociologie
422,137,2128,Strmiska Zdeněk,Sociologie česká v l. 1948–1994
423,137,2197,Strmiska Zdeněk,Sociologie politiky
424,137,2286,Strmiska Zdeněk,Společnost
425,137,2791,Strmiska Zdeněk,Výzkum veřejného mínění
426,138,1526,Střítecký Jaroslav,Otázka česká
427,139,2128,Suda Zdeněk,Sociologie česká v l. 1948–1994
428,139,2197,Suda Zdeněk,Sociologie politiky
429,140,1409,Sviták Ivan,Neomarxismus
430,141,2127,Svoboda Ludvík,Sociologie česká do r. 1948
431,141,2174,Svoboda Ludvík,Sociologie marxistická
432,143,2128,Šiklová Jiřina,Sociologie česká v l. 1948–1994
433,143,2251,Šiklová Jiřina,Sociologie výchovy
434,143,2443,Šiklová Jiřina,„šedá zóna“
435,143,2869,Šiklová Jiřina,Ženy v sociologii
436,144,2127,Šíma Jaroslav,Sociologie česká do r. 1948
437,144,2251,Šíma Jaroslav,Sociologie výchovy
438,145,2127,Škrach Vasil Kaprálek,Sociologie česká do r. 1948
439,150,2127,Štefánek Anton,Sociologie česká do r. 1948
440,150,2219,Štefánek Anton,Sociologie slovenská
441,150,2244,Štefánek Anton,Sociologie venkova
442,151,423,Štern Evžen,Dovolená
443,151,2090,Štern Evžen,Socialismus český
444,151,2091,Štern Evžen,Socialismus družstevní
445,151,2250,Štern Evžen,Sociologie volného času
446,151,2499,Štern Evžen,Technokratismus
447,152,2127,Tauber Jan Bohumil,Sociologie česká do r. 1948
448,152,2244,Tauber Jan Bohumil,Sociologie venkova
449,152,2254,Tauber Jan Bohumil,Sociologie zemědělství
450,153,359,Teige Karel,Devětsil
451,153,1172,Teige Karel,LeF
452,153,1525,Teige Karel,Otázka bytová
453,153,1620,Teige Karel,Poetismus
454,153,1959,Teige Karel,Romantismus
455,153,2417,Teige Karel,Surrealismus
456,153,2653,Teige Karel,Urbanismus
457,153,2860,Teige Karel,Způsob života konzumní
458,155,659,Tlustý Vojtěch,Funkcionalismus strukturální
459,155,2128,Tlustý Vojtěch,Sociologie česká v l. 1948–1994
460,157,2127,Trapl Miloslav,Sociologie česká do r. 1948
461,158,286,Tyrš Miroslav,Darwinismus sociální
462,158,2222,Tyrš Miroslav,Sociologie sportu
463,158,2230,Tyrš Miroslav,Sociologie tělesné výchovy
464,158,2261,Tyrš Miroslav,Sokol
465,158,2621,Tyrš Miroslav,Turnerství
466,159,2127,Uhlíř Antonín,Sociologie česká do r. 1948
467,159,2255,Uhlíř Antonín,Sociologismus
468,160,2,Ullrich Zdeněk,Abiturient
469,160,1978,Ullrich Zdeněk,Rurbanizace
470,160,2127,Ullrich Zdeněk,Sociologie česká do r. 1948
471,160,2128,Ullrich Zdeněk,Sociologie česká v l. 1948–1994
472,160,2149,Ullrich Zdeněk,Sociologie husitství
473,160,2179,Ullrich Zdeněk,Sociologie města
474,160,2196,Ullrich Zdeněk,Sociologie podniku
475,160,2201,Ullrich Zdeněk,Sociologie práce
476,160,2244,Ullrich Zdeněk,Sociologie venkova
477,160,2402,Ullrich Zdeněk,Studie komunitní
478,160,2414,Ullrich Zdeněk,Suburbanizace
479,160,2458,Ullrich Zdeněk,Škola chicagská
480,161,554,Urbánek Eduard,Etnometodologie
481,161,768,Urbánek Eduard,Homo sociologicus
482,161,954,Urbánek Eduard,Jiný
483,161,987,Urbánek Eduard,Každodennost
484,161,1409,Urbánek Eduard,Neomarxismus
485,161,2128,Urbánek Eduard,Sociologie česká v l. 1948–1994
486,161,2142,Urbánek Eduard,Sociologie fenomenologická
487,162,2245,Vacek Lubomír,Sociologie veřejného mínění
488,163,359,Václavek Bedřich,Devětsil
489,163,1620,Václavek Bedřich,Poetismus
490,163,2127,Václavek Bedřich,Sociologie česká do r. 1948
491,163,2171,Václavek Bedřich,Sociologie literatury
492,163,2174,Václavek Bedřich,Sociologie marxistická
493,164,1230,Vaněk Antonín,Masarykismus
494,164,2128,Vaněk Antonín,Sociologie česká v l. 1948–1994
495,164,2175,Vaněk Antonín,Sociologie marxisticko-leninská
496,164,2219,Vaněk Antonín,Sociologie slovenská
497,165,2127,Vašek Bedřich,Sociologie česká do r. 1948
498,166,465,Večerník Jiří,Ekologie sociální
499,166,2128,Večerník Jiří,Sociologie česká v l. 1948–1994
500,167,1161,Verunáč Václav,Laboretismus
501,167,1216,Verunáč Václav,Management vědecký
502,167,2196,Verunáč Václav,Sociologie podniku
503,167,2499,Verunáč Václav,Technokratismus
504,168,2128,Voráček Josef,Sociologie česká v l. 1948–1994
505,170,1213,Weber Alfred,Malthuziánství
506,170,2166,Weber Alfred,Sociologie kultury
507,170,2187,Weber Alfred,Sociologie německá
508,170,2252,Weber Alfred,Sociologie výtvarného umění
509,170,2394,Weber Alfred,Struktura sociologie paradigmatická
510,170,2628,Weber Alfred,Typologie společností
511,171,2146,Weyr František,Sociologie hodnot
512,175,2103,Zich František,Sociální a společenské
513,175,2219,Zich František,Sociologie slovenská
514,175,2245,Zich František,Sociologie veřejného mínění
515,175,2743,Zich František,Výběr kvótní
516,176,2127,Zwicker Bruno,Sociologie česká do r. 1948
517,176,2130,Zwicker Bruno,Sociologie deviantního chování
518,178,2127,Žmavc Ivan,Sociologie česká do r. 1948
519,125,38,Sedláček Oto,Analýza
520,76,322,Kučera Milan,Demografie
521,97,322,Možný Ivo,Demografie
522,166,322,Večerník Jiří,Demografie
523,20,1562,Dušek Jan,Parlament
524,85,1562,Machotka Otakar,Parlament
525,94,1562,Mertl Jan,Parlament
526,134,1562,Sorokin Pitirim Alexandrovič,Parlament
527,167,1562,Verunáč Václav,Parlament
528,28,2555,Frič Pavol,Teorie vědy
