1,1,2122,Adamec Čeněk,Sociologie česká v l. 1948–1994
2,1,2223,Adamec Čeněk,Sociologie tělesné kultury
3,1,2781,Adamec Čeněk,Výzkum veřejného mínění
4,2,412,Alan Josef,Dospělost
5,2,983,Alan Josef,Každodennost
6,2,1317,Alan Josef,Mládí
7,2,1529,Alan Josef,Otázka ženská
8,2,1638,Alan Josef,Politika rodinná
9,2,2115,Alan Josef,Sociologie biografická
10,2,2122,Alan Josef,Sociologie česká v l. 1948–1994
11,2,2146,Alan Josef,Sociologie interpretativní
12,2,2169,Alan Josef,Sociologie marxisticko-leninská
13,2,2205,Alan Josef,Sociologie rodiny
14,2,2213,Alan Josef,Sociologie slovenská
15,2,2242,Alan Josef,Sociologie vědy
16,2,2245,Alan Josef,Sociologie výchovy
17,2,2397,Alan Josef,Stupnice kvalifikační
18,2,2748,Alan Josef,Výchova
19,3,2228,Árnason Johann Pál,Sociologie v Austrálii
20,5,30,Beneš Edvard,Alkoholismus
21,5,628,Beneš Edvard,Filozofie praxe
22,5,735,Beneš Edvard,Hnutí abstinentské
23,5,1157,Beneš Edvard,Laboretismus
24,5,2220,Beneš Edvard,Sociologie stranictví
25,5,2255,Beneš Edvard,Sokol
26,5,2826,Beneš Edvard,Zednářství
27,6,18,Bláha Inocenc Arnošt,Agregát sociální
28,6,377,Bláha Inocenc Arnošt,Diferenciace sociologie
29,6,441,Bláha Inocenc Arnošt,Dynamika sociální
30,6,530,Bláha Inocenc Arnošt,Etika
31,6,559,Bláha Inocenc Arnošt,Etokracie
32,6,893,Bláha Inocenc Arnošt,Inteligence
33,6,896,Bláha Inocenc Arnošt,Interakce sociální
34,6,976,Bláha Inocenc Arnošt,Kategorie sociální
35,6,1178,Bláha Inocenc Arnošt,Lid
36,6,1360,Bláha Inocenc Arnošt,Náboženství
37,6,1864,Bláha Inocenc Arnošt,Půda
38,6,1949,Bláha Inocenc Arnošt,Rolnictvo
39,6,2010,Bláha Inocenc Arnošt,Sedlák
40,6,2121,Bláha Inocenc Arnošt,Sociologie česká do r. 1948
41,6,2124,Bláha Inocenc Arnošt,Sociologie deviantního chování
42,6,2173,Bláha Inocenc Arnošt,Sociologie města
43,6,2177,Bláha Inocenc Arnošt,Sociologie módy
44,6,2193,Bláha Inocenc Arnošt,Sociologie povolání
45,6,2205,Bláha Inocenc Arnošt,Sociologie rodiny
46,6,2213,Bláha Inocenc Arnošt,Sociologie slovenská
47,6,2216,Bláha Inocenc Arnošt,Sociologie sportu
48,6,2237,Bláha Inocenc Arnošt,Sociologie války
49,6,2238,Bláha Inocenc Arnošt,Sociologie venkova
50,6,2239,Bláha Inocenc Arnošt,Sociologie veřejného mínění
51,6,2242,Bláha Inocenc Arnošt,Sociologie vědy
52,6,2243,Bláha Inocenc Arnošt,Sociologie vojenství
53,6,2244,Bláha Inocenc Arnošt,Sociologie volného času
54,6,2245,Bláha Inocenc Arnošt,Sociologie výchovy
55,6,2247,Bláha Inocenc Arnošt,Sociologie vzdělání
56,6,2348,Bláha Inocenc Arnošt,Statika sociální
57,6,2396,Bláha Inocenc Arnošt,Studie komunitní
58,6,2633,Bláha Inocenc Arnošt,Umělec
59,6,2704,Bláha Inocenc Arnošt,Vesnice
60,8,321,Boháč Antonín,Demografie
61,8,1659,Boháč Antonín,Populacionistika
62,8,1826,Boháč Antonín,Příslušnost etnická
63,8,2173,Boháč Antonín,Sociologie města
64,8,2533,Boháč Antonín,Teorie populační
65,8,2764,Boháč Antonín,Výzkum demografický
66,9,615,Bolzano Bernard,Feminismus český
67,9,631,Bolzano Bernard,Filozofie vědy
68,9,980,Bolzano Bernard,Katolicismus sociální
69,9,2245,Bolzano Bernard,Sociologie výchovy
70,10,2191,Brokl Lubomír,Sociologie politiky
71,11,2121,Butter Oskar,Sociologie česká do r. 1948
72,13,443,Čapek Karel,Dystopie
73,13,1262,Čapek Karel,Metoda autobiografická
74,13,1722,Čapek Karel,Pražský lingvistický kroužek
75,13,1941,Čapek Karel,Robotizace
76,15,2238,Čep Tomáš,Sociologie venkova
77,16,2243,Dědek František,Sociologie vojenství
78,17,2122,Disman Miroslav,Sociologie česká v l. 1948–1994
79,18,2122,Dubská Irena,Sociologie česká v l. 1948–1994
80,18,2242,Dubská Irena,Sociologie vědy
81,18,2856,Dubská Irena,Ženy v sociologii
82,19,729,Durdík Josef,Historiografie
83,20,2121,Dušek Jan,Sociologie česká do r. 1948
84,21,321,Fajfr František,Demografie
85,22,2122,Filipcová Blanka,Sociologie česká v l. 1948–1994
86,22,2244,Filipcová Blanka,Sociologie volného času
87,22,2856,Filipcová Blanka,Ženy v sociologii
88,23,2122,Filipec Jindřich,Sociologie česká v l. 1948–1994
89,24,559,Fischer Josef Ludvík,Etokracie
90,24,1081,Fischer Josef Ludvík,Konsensus
91,24,1627,Fischer Josef Ludvík,Politika
92,24,2121,Fischer Josef Ludvík,Sociologie česká do r. 1948
93,24,2122,Fischer Josef Ludvík,Sociologie česká v l. 1948–1994
94,24,2850,Fischer Josef Ludvík,Zrání sociální
95,25,2122,Foret Miroslav,Sociologie česká v l. 1948–1994
96,25,2628,Foret Miroslav,Ukazatel sociální
97,27,30,Foustka Břetislav,Alkoholismus
98,27,735,Foustka Břetislav,Hnutí abstinentské
99,27,2121,Foustka Břetislav,Sociologie česká do r. 1948
100,27,2173,Foustka Břetislav,Sociologie města
101,27,2348,Foustka Břetislav,Statika sociální
102,28,1761,Frič Pavol,Prognóza explorativní
103,30,2170,Gabal Ivan,Sociologie masové kultury
104,30,2712,Gabal Ivan,Vkus
105,31,2122,Gaďourek Ivan,Sociologie česká v l. 1948–1994
106,31,2182,Gaďourek Ivan,Sociologie nizozemská
107,32,540,Gál Fedor,Etika vědy
108,32,1761,Gál Fedor,Prognóza explorativní
109,32,2213,Gál Fedor,Sociologie slovenská
110,33,2121,Galla Karel,Sociologie česká do r. 1948
111,33,2124,Galla Karel,Sociologie deviantního chování
112,33,2238,Galla Karel,Sociologie venkova
113,33,2247,Galla Karel,Sociologie vzdělání
114,33,2396,Galla Karel,Studie komunitní
115,33,2838,Galla Karel,Změna sociální
116,34,2122,Geist Bohumil,Sociologie česká v l. 1948–1994
117,35,2116,Gellner Ernest (Arnošt),Sociologie britská
118,36,2247,Hájek František,Sociologie vzdělání
119,37,2238,Hájek Mojmír,Sociologie venkova
120,38,321,Hampl Martin,Demografie
121,38,721,Hampl Martin,Hierarchie reality
122,38,2644,Hampl Martin,Urbanizace
123,40,2122,Havelka Miloš,Sociologie česká v l. 1948–1994
124,41,1325,Hirner Alexander,Model
125,41,2213,Hirner Alexander,Sociologie slovenská
126,45,2401,Huláková Marie,Styl životní
127,46,269,Chalupný Emanuel,Činnost
128,46,411,Chalupný Emanuel,Dopolavoro
129,46,441,Chalupný Emanuel,Dynamika sociální
130,46,799,Chalupný Emanuel,Charakter národní
131,46,1364,Chalupný Emanuel,Náboženství pozitivistické
132,46,1627,Chalupný Emanuel,Politika
133,46,1791,Chalupný Emanuel,Prostor sociální
134,46,1864,Chalupný Emanuel,Půda
135,46,2121,Chalupný Emanuel,Sociologie česká do r. 1948
136,46,2143,Chalupný Emanuel,Sociologie husitství
137,46,2168,Chalupný Emanuel,Sociologie marxistická
138,46,2177,Chalupný Emanuel,Sociologie módy
139,46,2213,Chalupný Emanuel,Sociologie slovenská
140,46,2216,Chalupný Emanuel,Sociologie sportu
141,46,2237,Chalupný Emanuel,Sociologie války
142,46,2238,Chalupný Emanuel,Sociologie venkova
143,46,2245,Chalupný Emanuel,Sociologie výchovy
144,46,2255,Chalupný Emanuel,Sokol
145,46,2280,Chalupný Emanuel,Společnost
146,46,2348,Chalupný Emanuel,Statika sociální
147,46,2550,Chalupný Emanuel,Teorie vývoje cyklické
148,46,2748,Chalupný Emanuel,Výchova
149,46,2856,Chalupný Emanuel,Ženy v sociologii
150,47,2122,Charvát František,Sociologie česká v l. 1948–1994
151,48,1972,Illner Michal,Rurbanizace
152,48,2122,Illner Michal,Sociologie česká v l. 1948–1994
153,48,2173,Illner Michal,Sociologie města
154,48,2628,Illner Michal,Ukazatel sociální
155,49,464,Jeřábek Hynek,Ekologie sociální
156,49,1253,Jeřábek Hynek,Měření
157,50,2122,Jodl Miroslav,Sociologie česká v l. 1948–1994
158,51,2122,Jochmann Vladimír,Sociologie česká v l. 1948–1994
159,52,1727,Jungmann Bohumil,Prestiž
160,52,2122,Jungmann Bohumil,Sociologie česká v l. 1948–1994
161,53,2172,Kabele Jiří,Sociologie medicíny
162,53,2191,Kabele Jiří,Sociologie politiky
163,53,2541,Kabele Jiří,Teorie sociálních sítí
164,54,2121,Kadlec Vladimír,Sociologie česká do r. 1948
165,55,2122,Kadlecová Erika,Sociologie česká v l. 1948–1994
166,55,2179,Kadlecová Erika,Sociologie náboženství
167,56,1520,Kaizl Josef,Otázka česká
168,57,2122,Kaláb Miloš,Sociologie česká v l. 1948–1994
169,60,1727,Kapr Jaroslav,Prestiž
170,60,2172,Kapr Jaroslav,Sociologie medicíny
171,60,2242,Kapr Jaroslav,Sociologie vědy
172,61,322,Kárníková Ludmila,Demografie historická
173,62,653,Keller Jan,Funkce latentní
174,62,764,Keller Jan,Homo sociologicus
175,62,1128,Keller Jan,Krize rodiny
176,62,1945,Keller Jan,Rodina
177,62,2122,Keller Jan,Sociologie česká v l. 1948–1994
178,64,646,Klácel František Matouš,Fourierismus
179,65,657,Klofáč Jaroslav,Funkcionalismus strukturální
180,65,2122,Klofáč Jaroslav,Sociologie česká v l. 1948–1994
181,67,2122,Kohout Jaroslav,Sociologie česká v l. 1948–1994
182,67,2130,Kohout Jaroslav,Sociologie ekonomická
183,67,2190,Kohout Jaroslav,Sociologie podniku
184,68,265,Kolaja Jiří Tomáš,Čas sociální
185,68,2122,Kolaja Jiří Tomáš,Sociologie česká v l. 1948–1994
186,68,2227,Kolaja Jiří Tomáš,Sociologie umění
187,69,321,Korčák Jaromír,Demografie
188,69,721,Korčák Jaromír,Hierarchie reality
189,72,377,Král Josef,Diferenciace sociologie
190,72,1173,Král Josef,Leviathan
191,72,2121,Král Josef,Sociologie česká do r. 1948
192,72,2122,Král Josef,Sociologie česká v l. 1948–1994
193,72,2213,Král Josef,Sociologie slovenská
194,72,2243,Král Josef,Sociologie vojenství
195,72,2408,Král Josef,Suburbanizace
196,73,2121,Krejčí František,Sociologie česká do r. 1948
197,73,2749,Krejčí František,Výchova občanská
198,74,253,Krejčí Jaroslav,Civilizace
199,74,1925,Krejčí Jaroslav,Revoluce
200,74,2122,Krejčí Jaroslav,Sociologie česká v l. 1948–1994
201,74,2143,Krejčí Jaroslav,Sociologie husitství
202,76,412,Kučera Milan,Dospělost
203,76,1317,Kučera Milan,Mládí
204,77,2121,Kunte Ladislav,Sociologie česká do r. 1948
205,78,1747,Lamser Václav,Procedura výzkumná
206,78,2122,Lamser Václav,Sociologie česká v l. 1948–1994
207,78,2242,Lamser Václav,Sociologie vědy
208,78,2248,Lamser Václav,Sociologie zemědělství
209,79,1161,Librová Hana,Láska
210,79,1864,Librová Hana,Půda
211,80,1573,Lindner Gustav Adolf,Pedagogika sociální
212,80,2121,Lindner Gustav Adolf,Sociologie česká do r. 1948
213,80,2245,Lindner Gustav Adolf,Sociologie výchovy
214,81,2122,Linhart Jiří,Sociologie česká v l. 1948–1994
215,81,2216,Linhart Jiří,Sociologie sportu
216,81,2244,Linhart Jiří,Sociologie volného času
217,81,2401,Linhart Jiří,Styl životní
218,82,1639,Macek Josef,Politika sociální
219,82,2238,Macek Josef,Sociologie venkova
220,84,395,Machonin Pavel,Distance sociální
221,84,504,Machonin Pavel,Empiricismus abstraktní
222,84,879,Machonin Pavel,Inkonzistence statusu
223,84,1026,Machonin Pavel,Kolektiv
224,84,1727,Machonin Pavel,Prestiž
225,84,2122,Machonin Pavel,Sociologie česká v l. 1948–1994
226,84,2169,Machonin Pavel,Sociologie marxisticko-leninská
227,84,2193,Machonin Pavel,Sociologie povolání
228,84,2213,Machonin Pavel,Sociologie slovenská
229,84,2379,Machonin Pavel,Stratifikace sociální
230,85,1157,Machotka Otakar,Laboretismus
231,85,2084,Machotka Otakar,Socialismus český
232,85,2173,Machotka Otakar,Sociologie města
233,85,2205,Machotka Otakar,Sociologie rodiny
234,85,2213,Machotka Otakar,Sociologie slovenská
235,85,2239,Machotka Otakar,Sociologie veřejného mínění
236,85,2764,Machotka Otakar,Výzkum demografický
237,91,12,Masaryk Tomáš Garrigue,Aféra
238,91,30,Masaryk Tomáš Garrigue,Alkoholismus
239,91,441,Masaryk Tomáš Garrigue,Dynamika sociální
240,91,454,Masaryk Tomáš Garrigue,Egoismus rozumný
241,91,500,Masaryk Tomáš Garrigue,Emoce
242,91,559,Masaryk Tomáš Garrigue,Etokracie
243,91,619,Masaryk Tomáš Garrigue,Fenomenologie
244,91,631,Masaryk Tomáš Garrigue,Filozofie vědy
245,91,729,Masaryk Tomáš Garrigue,Historiografie
246,91,730,Masaryk Tomáš Garrigue,Historiozofie
247,91,735,Masaryk Tomáš Garrigue,Hnutí abstinentské
248,91,1172,Masaryk Tomáš Garrigue,Leninismus
249,91,1176,Masaryk Tomáš Garrigue,Liberalismus
250,91,1226,Masaryk Tomáš Garrigue,Masarykismus
251,91,1360,Masaryk Tomáš Garrigue,Náboženství
252,91,1432,Masaryk Tomáš Garrigue,Občina
253,91,1520,Masaryk Tomáš Garrigue,Otázka česká
254,91,1527,Masaryk Tomáš Garrigue,Otázka sociální
255,91,1791,Masaryk Tomáš Garrigue,Prostor sociální
256,91,1928,Masaryk Tomáš Garrigue,Revoluce hlav a srdcí
257,91,1955,Masaryk Tomáš Garrigue,Rotariánství
258,91,2008,Masaryk Tomáš Garrigue,Sebevražda
259,91,2078,Masaryk Tomáš Garrigue,Smysl dějin
260,91,2084,Masaryk Tomáš Garrigue,Socialismus český
261,91,2106,Masaryk Tomáš Garrigue,Sociologie
262,91,2111,Masaryk Tomáš Garrigue,Sociologie americká
263,91,2121,Masaryk Tomáš Garrigue,Sociologie česká do r. 1948
264,91,2124,Masaryk Tomáš Garrigue,Sociologie deviantního chování
265,91,2143,Masaryk Tomáš Garrigue,Sociologie husitství
266,91,2165,Masaryk Tomáš Garrigue,Sociologie literatury
267,91,2185,Masaryk Tomáš Garrigue,Sociologie obecná
268,91,2194,Masaryk Tomáš Garrigue,Sociologie pozitivistická
269,91,2205,Masaryk Tomáš Garrigue,Sociologie rodiny
270,91,2213,Masaryk Tomáš Garrigue,Sociologie slovenská
271,91,2255,Masaryk Tomáš Garrigue,Sokol
272,91,2348,Masaryk Tomáš Garrigue,Statika sociální
273,91,2633,Masaryk Tomáš Garrigue,Umělec
274,91,2634,Masaryk Tomáš Garrigue,Umění
275,91,2785,Masaryk Tomáš Garrigue,Vzdělávání politické
276,92,2856,Masaryková Alice,Ženy v sociologii
277,93,464,Matějů Petr,Ekologie sociální
278,93,2122,Matějů Petr,Sociologie česká v l. 1948–1994
279,93,2173,Matějů Petr,Sociologie města
280,93,2379,Matějů Petr,Stratifikace sociální
281,94,255,Mertl Jan,Coil system
282,94,1157,Mertl Jan,Laboretismus
283,94,1173,Mertl Jan,Leviathan
284,96,2084,Modráček František,Socialismus český
285,96,2085,Modráček František,Socialismus družstevní
286,96,2238,Modráček František,Sociologie venkova
287,97,32,Možný Ivo,Altruismus
288,97,412,Možný Ivo,Dospělost
289,97,445,Možný Ivo,Efekt bumerangový
290,97,983,Možný Ivo,Každodennost
291,97,1529,Možný Ivo,Otázka ženská
292,97,2122,Možný Ivo,Sociologie česká v l. 1948–1994
293,97,2205,Možný Ivo,Sociologie rodiny
294,97,2213,Možný Ivo,Sociologie slovenská
295,98,464,Musil Jiří,Ekologie sociální
296,98,1519,Musil Jiří,Otázka bytová
297,98,1791,Musil Jiří,Prostor sociální
298,98,2122,Musil Jiří,Sociologie česká v l. 1948–1994
299,98,2173,Musil Jiří,Sociologie města
300,99,2111,Nehněvajsa Jiří,Sociologie americká
301,99,2122,Nehněvajsa Jiří,Sociologie česká v l. 1948–1994
302,99,2231,Nehněvajsa Jiří,Sociologie v Hongkongu
303,99,2250,Nehněvajsa Jiří,Sociometrie
304,100,1168,Nejedlý Zdeněk,LeF
305,100,1226,Nejedlý Zdeněk,Masarykismus
306,100,1520,Nejedlý Zdeněk,Otázka česká
307,100,2141,Nejedlý Zdeněk,Sociologie hudby
308,100,2143,Nejedlý Zdeněk,Sociologie husitství
309,100,2749,Nejedlý Zdeněk,Výchova občanská
310,102,983,Nový Lubomír,Každodennost
311,102,1226,Nový Lubomír,Masarykismus
312,102,1520,Nový Lubomír,Otázka česká
313,102,2115,Nový Lubomír,Sociologie biografická
314,103,1727,Obrdlík Antonín,Prestiž
315,103,2121,Obrdlík Antonín,Sociologie česká do r. 1948
316,103,2193,Obrdlík Antonín,Sociologie povolání
317,104,1095,Obrdlíková Juliana,Konvence společenská
318,104,2121,Obrdlíková Juliana,Sociologie česká do r. 1948
319,104,2856,Obrdlíková Juliana,Ženy v sociologii
320,106,321,Pavlík Zdeněk,Demografie
321,106,1927,Pavlík Zdeněk,Revoluce demografická
322,107,1955,Peroutka Ferdinand,Rotariánství
323,108,269,Petrusek Miloslav,Činnost
324,108,540,Petrusek Miloslav,Etika vědy
325,108,581,Petrusek Miloslav,Exkluze sociální
326,108,610,Petrusek Miloslav,Fatalismus kulturní
327,108,983,Petrusek Miloslav,Každodennost
328,108,1599,Petrusek Miloslav,Pluralismus teoretický
329,108,1731,Petrusek Miloslav,Princip komplementarity
330,108,2061,Petrusek Miloslav,Skupina společenská
331,108,2110,Petrusek Miloslav,Sociologie alternativní
332,108,2122,Petrusek Miloslav,Sociologie česká v l. 1948–1994
333,108,2146,Petrusek Miloslav,Sociologie interpretativní
334,108,2167,Petrusek Miloslav,Sociologie malých skupin
335,108,2169,Petrusek Miloslav,Sociologie marxisticko-leninská
336,108,2213,Petrusek Miloslav,Sociologie slovenská
337,108,2242,Petrusek Miloslav,Sociologie vědy
338,108,2250,Petrusek Miloslav,Sociometrie
339,109,1955,Pistorius Theodor,Rotariánství
340,111,1678,Potůček Martin,Potenciál lidský
341,111,2122,Potůček Martin,Sociologie česká v l. 1948–1994
342,111,2172,Potůček Martin,Sociologie medicíny
343,111,2223,Potůček Martin,Sociologie tělesné kultury
344,113,980,Procházka Matěj,Katolicismus sociální
345,115,893,Rádl Emanuel,Inteligence
346,115,2078,Rádl Emanuel,Smysl dějin
347,115,2121,Rádl Emanuel,Sociologie česká do r. 1948
348,115,2205,Rádl Emanuel,Sociologie rodiny
349,117,2849,Reich Edvard,Způsob života konzumní
350,119,901,Richta Radovan,Interdisciplinarita
351,119,1226,Richta Radovan,Masarykismus
352,119,1935,Richta Radovan,Revoluce vědeckotechnická
353,119,2481,Richta Radovan,Technika
354,123,2122,Řehák Jan,Sociologie česká v l. 1948–1994
355,123,2839,Řehák Jan,Znak
356,124,2122,Sedláček Jan,Sociologie česká v l. 1948–1994
357,130,1026,Slejška Dragoslav,Kolektiv
358,130,2122,Slejška Dragoslav,Sociologie česká v l. 1948–1994
359,130,2167,Slejška Dragoslav,Sociologie malých skupin
360,130,2190,Slejška Dragoslav,Sociologie podniku
361,130,2250,Slejška Dragoslav,Sociometrie
362,130,2768,Slejška Dragoslav,Výzkum hodnot
363,132,2122,Solař Josef,Sociologie česká v l. 1948–1994
364,134,202,Sorokin Pitirim Alexandrovič,Biologismus
365,134,253,Sorokin Pitirim Alexandrovič,Civilizace
366,134,265,Sorokin Pitirim Alexandrovič,Čas sociální
367,134,504,Sorokin Pitirim Alexandrovič,Empiricismus abstraktní
368,134,599,Sorokin Pitirim Alexandrovič,Fakt sociální
369,134,729,Sorokin Pitirim Alexandrovič,Historiografie
370,134,799,Sorokin Pitirim Alexandrovič,Charakter národní
371,134,896,Sorokin Pitirim Alexandrovič,Interakce sociální
372,134,898,Sorokin Pitirim Alexandrovič,Interakcionismus
373,134,899,Sorokin Pitirim Alexandrovič,Interakcionismus symbolický
374,134,982,Sorokin Pitirim Alexandrovič,Kauzalita sociální
375,134,1011,Sorokin Pitirim Alexandrovič,Koeficient humanistický
376,134,1152,Sorokin Pitirim Alexandrovič,Kulturologie
377,134,1206,Sorokin Pitirim Alexandrovič,Makrosociologie a mikrosociologie
378,134,1209,Sorokin Pitirim Alexandrovič,Malthuziánství
379,134,1321,Sorokin Pitirim Alexandrovič,Mobilita sociální
380,134,1581,Sorokin Pitirim Alexandrovič,Periodizace dějin
381,134,1765,Sorokin Pitirim Alexandrovič,Prognóza sociální
382,134,1791,Sorokin Pitirim Alexandrovič,Prostor sociální
383,134,1886,Sorokin Pitirim Alexandrovič,Redukcionismus
384,134,1966,Sorokin Pitirim Alexandrovič,Rozpočet časový
385,134,2053,Sorokin Pitirim Alexandrovič,Skupina malá
386,134,2106,Sorokin Pitirim Alexandrovič,Sociologie
387,134,2111,Sorokin Pitirim Alexandrovič,Sociologie americká
388,134,2147,Sorokin Pitirim Alexandrovič,Sociologie italská
389,134,2160,Sorokin Pitirim Alexandrovič,Sociologie kultury
390,134,2167,Sorokin Pitirim Alexandrovič,Sociologie malých skupin
391,134,2193,Sorokin Pitirim Alexandrovič,Sociologie povolání
392,134,2208,Sorokin Pitirim Alexandrovič,Sociologie ruská a v Sovětském svazu
393,134,2225,Sorokin Pitirim Alexandrovič,Sociologie teoretická
394,134,2227,Sorokin Pitirim Alexandrovič,Sociologie umění
395,134,2233,Sorokin Pitirim Alexandrovič,Sociologie v Kolumbii
396,134,2238,Sorokin Pitirim Alexandrovič,Sociologie venkova
397,134,2241,Sorokin Pitirim Alexandrovič,Sociologie vědění
398,134,2243,Sorokin Pitirim Alexandrovič,Sociologie vojenství
399,134,2246,Sorokin Pitirim Alexandrovič,Sociologie výtvarného umění
400,134,2522,Sorokin Pitirim Alexandrovič,Teorie konvergence
401,134,2531,Sorokin Pitirim Alexandrovič,Teorie pohyblivé hranice
402,134,2542,Sorokin Pitirim Alexandrovič,Teorie sociologická
403,134,2550,Sorokin Pitirim Alexandrovič,Teorie vývoje cyklické
404,134,2591,Sorokin Pitirim Alexandrovič,Trend mnohonásobný
405,134,2618,Sorokin Pitirim Alexandrovič,Typologie společností
406,134,2646,Sorokin Pitirim Alexandrovič,Úroveň kulturní
407,134,2661,Sorokin Pitirim Alexandrovič,Válka
408,134,2701,Sorokin Pitirim Alexandrovič,Venkov
409,134,2787,Sorokin Pitirim Alexandrovič,Vzor kulturní
410,134,2838,Sorokin Pitirim Alexandrovič,Změna sociální
411,135,321,Srb Vladimír,Demografie
412,135,412,Srb Vladimír,Dospělost
413,135,1317,Srb Vladimír,Mládí
414,136,2241,Stark Werner,Sociologie vědění
415,137,269,Strmiska Zdeněk,Činnost
416,137,657,Strmiska Zdeněk,Funkcionalismus strukturální
417,137,2061,Strmiska Zdeněk,Skupina společenská
418,137,2106,Strmiska Zdeněk,Sociologie
419,137,2122,Strmiska Zdeněk,Sociologie česká v l. 1948–1994
420,137,2191,Strmiska Zdeněk,Sociologie politiky
421,137,2280,Strmiska Zdeněk,Společnost
422,137,2781,Strmiska Zdeněk,Výzkum veřejného mínění
423,138,1520,Střítecký Jaroslav,Otázka česká
424,139,2122,Suda Zdeněk,Sociologie česká v l. 1948–1994
425,139,2191,Suda Zdeněk,Sociologie politiky
426,140,1405,Sviták Ivan,Neomarxismus
427,141,2121,Svoboda Ludvík,Sociologie česká do r. 1948
428,141,2168,Svoboda Ludvík,Sociologie marxistická
429,143,2122,Šiklová Jiřina,Sociologie česká v l. 1948–1994
430,143,2245,Šiklová Jiřina,Sociologie výchovy
431,143,2856,Šiklová Jiřina,Ženy v sociologii
432,144,2121,Šíma Jaroslav,Sociologie česká do r. 1948
433,144,2245,Šíma Jaroslav,Sociologie výchovy
434,145,2121,Škrach Vasil Kaprálek,Sociologie česká do r. 1948
435,150,2121,Štefánek Anton,Sociologie česká do r. 1948
436,150,2213,Štefánek Anton,Sociologie slovenská
437,150,2238,Štefánek Anton,Sociologie venkova
438,151,422,Štern Evžen,Dovolená
439,151,2084,Štern Evžen,Socialismus český
440,151,2085,Štern Evžen,Socialismus družstevní
441,151,2244,Štern Evžen,Sociologie volného času
442,151,2492,Štern Evžen,Technokratismus
443,152,2121,Tauber Jan Bohumil,Sociologie česká do r. 1948
444,152,2238,Tauber Jan Bohumil,Sociologie venkova
445,152,2248,Tauber Jan Bohumil,Sociologie zemědělství
446,153,358,Teige Karel,Devětsil
447,153,1168,Teige Karel,LeF
448,153,1519,Teige Karel,Otázka bytová
449,153,1614,Teige Karel,Poetismus
450,153,1953,Teige Karel,Romantismus
451,153,2411,Teige Karel,Surrealismus
452,153,2643,Teige Karel,Urbanismus
453,153,2849,Teige Karel,Způsob života konzumní
454,155,657,Tlustý Vojtěch,Funkcionalismus strukturální
455,155,2122,Tlustý Vojtěch,Sociologie česká v l. 1948–1994
456,157,2121,Trapl Miloslav,Sociologie česká do r. 1948
457,158,285,Tyrš Miroslav,Darwinismus sociální
458,158,2216,Tyrš Miroslav,Sociologie sportu
459,158,2224,Tyrš Miroslav,Sociologie tělesné výchovy
460,158,2255,Tyrš Miroslav,Sokol
461,158,2611,Tyrš Miroslav,Turnerství
462,159,2121,Uhlíř Antonín,Sociologie česká do r. 1948
463,159,2249,Uhlíř Antonín,Sociologismus
464,160,2,Ullrich Zdeněk,Abiturient
465,160,1972,Ullrich Zdeněk,Rurbanizace
466,160,2121,Ullrich Zdeněk,Sociologie česká do r. 1948
467,160,2122,Ullrich Zdeněk,Sociologie česká v l. 1948–1994
468,160,2143,Ullrich Zdeněk,Sociologie husitství
469,160,2173,Ullrich Zdeněk,Sociologie města
470,160,2190,Ullrich Zdeněk,Sociologie podniku
471,160,2195,Ullrich Zdeněk,Sociologie práce
472,160,2238,Ullrich Zdeněk,Sociologie venkova
473,160,2396,Ullrich Zdeněk,Studie komunitní
474,160,2408,Ullrich Zdeněk,Suburbanizace
475,160,2451,Ullrich Zdeněk,Škola chicagská
476,161,553,Urbánek Eduard,Etnometodologie
477,161,764,Urbánek Eduard,Homo sociologicus
478,161,950,Urbánek Eduard,Jiný
479,161,983,Urbánek Eduard,Každodennost
480,161,1405,Urbánek Eduard,Neomarxismus
481,161,2122,Urbánek Eduard,Sociologie česká v l. 1948–1994
482,161,2136,Urbánek Eduard,Sociologie fenomenologická
483,162,2239,Vacek Lubomír,Sociologie veřejného mínění
484,163,358,Václavek Bedřich,Devětsil
485,163,1614,Václavek Bedřich,Poetismus
486,163,2121,Václavek Bedřich,Sociologie česká do r. 1948
487,163,2165,Václavek Bedřich,Sociologie literatury
488,163,2168,Václavek Bedřich,Sociologie marxistická
489,164,1226,Vaněk Antonín,Masarykismus
490,164,2122,Vaněk Antonín,Sociologie česká v l. 1948–1994
491,164,2169,Vaněk Antonín,Sociologie marxisticko-leninská
492,164,2213,Vaněk Antonín,Sociologie slovenská
493,165,2121,Vašek Bedřich,Sociologie česká do r. 1948
494,166,464,Večerník Jiří,Ekologie sociální
495,166,2122,Večerník Jiří,Sociologie česká v l. 1948–1994
496,167,1157,Verunáč Václav,Laboretismus
497,167,1212,Verunáč Václav,Management vědecký
498,167,2190,Verunáč Václav,Sociologie podniku
499,167,2492,Verunáč Václav,Technokratismus
500,168,2122,Voráček Josef,Sociologie česká v l. 1948–1994
501,170,1209,Weber Alfred,Malthuziánství
502,170,2160,Weber Alfred,Sociologie kultury
503,170,2181,Weber Alfred,Sociologie německá
504,170,2246,Weber Alfred,Sociologie výtvarného umění
505,170,2388,Weber Alfred,Struktura sociologie paradigmatická
506,170,2618,Weber Alfred,Typologie společností
507,171,2140,Weyr František,Sociologie hodnot
508,174,2097,Zich František,Sociální a společenské
509,174,2213,Zich František,Sociologie slovenská
510,174,2239,Zich František,Sociologie veřejného mínění
511,174,2733,Zich František,Výběr kvótní
512,175,2121,Zwicker Bruno,Sociologie česká do r. 1948
513,175,2124,Zwicker Bruno,Sociologie deviantního chování
514,177,2121,Žmavc Ivan,Sociologie česká do r. 1948
515,38,125,Analýza,Sedláček Oto
516,321,76,Demografie,Kučera Milan
517,321,97,Demografie,Možný Ivo
518,321,166,Demografie,Večerník Jiří
519,1556,20,Parlament,Dušek Jan
520,1556,85,Parlament,Machotka Otakar
521,1556,94,Parlament,Mertl Jan
522,1556,134,Parlament,Sorokin Pitirim Alexandrovič
523,1556,167,Parlament,Verunáč Václav
524,2548,28,Teorie vědy,Frič Pavol
